,...1,Description:,"Index of Business Confidence (2014=100
)",Survey average 2002-current,Gap from survey average (2002-current),Q1: Better- Do you expect overall economic conditions in Canada six months from now to be: (%),Q1: Same- Do you expect overall economic conditions in Canada six months from now to be: (%),Q1: Worse- Do you expect overall economic conditions in Canada six months from now to be: (%),Diffusion test,Q2: < 1%- Do you expect prices- in general- in Canada to increase over the next six months at an annual rate of: (%),Q2: 1%- Do you expect prices- in general- in Canada to increase over the next six months at an annual rate of: (%),Q2: 2%- Do you expect prices- in general- in Canada to increase over the next six months at an annual rate of: (%),Q2: 3%- Do you expect prices- in general- in Canada to increase over the next six months at an annual rate of: (%),Q2: 4%- Do you expect prices- in general- in Canada to increase over the next six months at an annual rate of: (%),Q2: 5%- Do you expect prices- in general- in Canada to increase over the next six months at an annual rate of: (%),Q2: 6%- Do you expect prices- in general- in Canada to increase over the next six months at an annual rate of: (%),Q2: 7%- Do you expect prices- in general- in Canada to increase over the next six months at an annual rate of: (%),Q2: 8%- Do you expect prices- in general- in Canada to increase over the next six months at an annual rate of: (%),Q2: > 8%- Do you expect prices- in general- in Canada to increase over the next six months at an annual rate of: (%),Q3: Improve- Over the next six months- do you expect your firm's financial position to: (%),Q3: Worsen- Over the next six months- do you expect your firm's financial position to: (%),Q3: Remain the same- Over the next six months- do you expect your firm's financial position to: (%),Q4: Improve- Over the next six months- do you expect your firm's profitability to: (%),Q4: Worsen- Over the next six months- do you expect your firm's profitability to: (%),Q4: Remain the same- Over the next six months- do you expect your firm's profitability to: (%),Q5: Good- Would you say the present is a good or a bad time to undertake expenditures to expand your plant or add to your stock of machinery and equipment? (%),Q5: Bad- Would you say the present is a good or a bad time to undertake expenditures to expand your plant or add to your stock of machinery and equipment? (%),Q5: Not sure- Would you say the present is a good or a bad time to undertake expenditures to expand your plant or add to your stock of machinery and equipment? (%),Q6: Up 20% or more- What change in the level of your capital investment expenditures do you expect over the next 6 months? (%),Q6: Up 10% to 19%- What change in the level of your capital investment expenditures do you expect over the next 6 months? (%),Q6: Up 1% to 9%- What change in the level of your capital investment expenditures do you expect over the next 6 months? (%),Q6: No change- What change in the level of your capital investment expenditures do you expect over the next 6 months? (%),Q6: Down 1% to 9%- What change in the level of your capital investment expenditures do you expect over the next 6 months? (%),Q6: Down 10% to 19%- What change in the level of your capital investment expenditures do you expect over the next 6 months? (%),Q6: Down 20% or more- What change in the level of your capital investment expenditures do you expect over the next 6 months? (%),Q7: Atlantic Provinces- In which region(s) of the country do you expect the bulk of your planned investment expenditures for the next six months to take place? (%),Q7: Quebec- In which region(s) of the country do you expect the bulk of your planned investment expenditures for the next six months to take place? (%),Q7: Ontario- In which region(s) of the country do you expect the bulk of your planned investment expenditures for the next six months to take place? (%),Q7: Prairie Provinces- In which region(s) of the country do you expect the bulk of your planned investment expenditures for the next six months to take place? (%),Q7: British Columbia- In which region(s) of the country do you expect the bulk of your planned investment expenditures for the next six months to take place? (%),Q7: United States- In which region(s) of the country do you expect the bulk of your planned investment expenditures for the next six months to take place? (%),Q7: International- In which region(s) of the country do you expect the bulk of your planned investment expenditures for the next six months to take place? (%),Q8: Above capacity- How do you assess your current level of operations relative to optimal capacity? (%),Q8: At or close to capacity- How do you assess your current level of operations relative to optimal capacity? (%),Q8: Slightly below capacity- How do you assess your current level of operations relative to optimal capacity? (%),Q8: Substantially below capacity- How do you assess your current level of operations relative to optimal capacity? (%),Q9: Better than expected- Compared with six months ago- what is your current rate of return to invested capital? (%),Q9: As expected- Compared with six months ago- what is your current rate of return to invested capital? (%),Q9: Worse than expected- Compared with six months ago- what is your current rate of return to invested capital? (%),Q10: Excess productive capacity- What factors- if any- are currently adversely affecting the level of your planned expenditures in Canada? (%),Q10: Weak market demand- What factors- if any- are currently adversely affecting the level of your planned expenditures in Canada? (%),Q10: Foreign competition- What factors- if any- are currently adversely affecting the level of your planned expenditures in Canada? (%),Q10: Rising cost of capital goods- What factors- if any- are currently adversely affecting the level of your planned expenditures in Canada? (%),Q10: Rising labour costs- What factors- if any- are currently adversely affecting the level of your planned expenditures in Canada? (%),Q10: Overall corporate liquidity- What factors- if any- are currently adversely affecting the level of your planned expenditures in Canada? (%),Q10: High interest rates- What factors- if any- are currently adversely affecting the level of your planned expenditures in Canada? (%),Q10: Weak commodity prices- What factors- if any- are currently adversely affecting the level of your planned expenditures in Canada? (%),Q10: Shortage of qualified staff- What factors- if any- are currently adversely affecting the level of your planned expenditures in Canada? (%),Q10: Government policies- What factors- if any- are currently adversely affecting the level of your planned expenditures in Canada? (%),Q10: Taxes- What factors- if any- are currently adversely affecting the level of your planned expenditures in Canada? (%),Q10: More attractive opportunities outside Canada- What factors- if any- are currently adversely affecting the level of your planned expenditures in Canada? (%),Q10: Appreciation of the Canadian dollar- What factors- if any- are currently adversely affecting the level of your planned expenditures in Canada? (%),Q8: At- close to- or above capacity- How do you assess your current level of operations relative to optimal capacity? (%),Q10: Depreciation of the Canadian dollar- What factors- if any- are currently adversely affecting the level of your planned expenditures in Canada? (%),Q10: High electricity costs- What factors- if any- are currently adversely affecting the level of your planned expenditures in Canada? (%),Q11: Return to pre-pandemic levels- When travel restrictions are lifted- do you anticipate the amount of business travel within your company will? (%),Q11: Surpass pre-pandemic levels- When travel restrictions are lifted- do you anticipate the amount of business travel within your company will? (%),Q11: Remain below pre-pandemic levels- When travel restrictions are lifted- do you anticipate the amount of business travel within your company will? (%),...69,"Time to invest, balance of opinion","Overall economic conditions, balance of opinion","Your firm's financial position, balance of opinion","Your firm's financial profitability, balance of opinion",...74,"Average, diffusion","Avg. diffusion, best 3",Investment diffusion,"Cdn econ, diffusion","Your firm's financial position, diffusion","Your firm's financial profitability, diffusion",...81,...82,yryr%(V6E05752@CANADA),yryr%(V6E05783@CANADA)
1,NA,Mnemonic:,IBC,NA,NA,NQ01A,NQ01B,NQ01C,NA,NQ02A,NQ02B,NQ02C,NQ02D,NQ02E,NQ02F,NQ02G,NQ02H,NQ02I,NQ02J,NQ03A,NQ03B,NQ03C,NQ04A,NQ04B,NQ04C,NQ05A,NQ05B,NQ05C,NQ06A,NQ06B,NQ06C,NQ06D,NQ06E,NQ06F,NQ06G,NQ07A,NQ07B,NQ07C,NQ07D,NQ07E,NQ07F,NQ07G,NQ08A,NQ08B,NQ08C,NQ08D,NQ09A,NQ09B,NQ09C,NQ10A,NQ10B,NQ10C,NQ10D,NQ10E,NQ10F,NQ10G,NQ10H,NQ10I,NQ10J,NQ10K,NQ10L,NQ10M,NQ08AB,NQ10N,NQ10O,NQ11A,NQ11B,NQ11C,NA,NA,NA,NA,NA,NA,NA,NA,NA,NA,NA,NA,NA,NA,"Real GDP, yr/yr","Nominal GDP, yr/yr"
2,1993-03-31,1993.01,87.80488,91.51814027,-4.057403552,68.60001,30.8,0.6,84.00001,7.6,16.3,55.2,19.2,0,1.7,0,0,0,0,62,4.1,33.89999,61.8,6.5,31.8,41.3,29.89999,28.7,8.9,14.3,45.2,0,17.3,7.1,7.1,8.7,25,43,30.2,19.2,NA,NA,3.6,17.2,42,37.3,11.8,61.5,26.60001,39.5,54.10001,19.2,2.9,5.2,18,2.9,NA,NA,NA,NA,NA,NA,20.8,NA,NA,NA,NA,NA,NA,11.40001,68.00001,57.9,55.3,NA,74.07500125,70.766665,55.65,84.00001,78.949995,77.7,NA,1993 - Q1,1.88,3.37
3,1993-06-30,1993.02,89.09905,91.51814027,-2.643290463,58.7,38.7,2.7,78.05,6.7,16.7,62,12.7,2,0,0,0,0,0,56.39999,9.4,34.2,51.7,11.4,36.89999,40.39999,23.3,36.3,6.4,15.6,46.10001,0,19.10001,7.8,5,5.3,25.3,47.3,29.3,21.3,NA,NA,5.5,24.7,33.60001,36.3,16.60001,57.89999,25.5,39.3,56.7,18,0.7,4.7,13.3,1.3,NA,NA,NA,NA,NA,NA,30.2,NA,NA,NA,NA,NA,NA,17.09999,56,46.99999,40.3,NA,70.06249375,67.39999167,58.54999,78.05,73.49999,70.149995,NA,1993 - Q2,2.68,4.28
4,1993-09-30,1993.03,88.00398,91.51814027,-3.839851054,50,45.1,4.9,72.55,8.5,20.4,58.5,11.3,0.7,0,0,0.7,0,0,58.5,9.9,31.7,53.6,9.3,37.1,35,29.2,35.8,9.6,9.6,44.1,0,20.6,5.9,10.3,6.3,23.2,46.5,28.2,17.6,NA,NA,3.6,20.1,51.8,24.5,21.3,54.4,24.3,38.7,57.8,16.9,0.7,4.2,16.9,1.4,NA,NA,NA,NA,NA,NA,23.7,NA,NA,NA,NA,NA,NA,5.8,45.1,48.6,44.3,NA,67.9875,66.46666667,52.9,72.55,74.35,72.15,NA,1993 - Q3,3.11,3.94
5,1993-12-31,1993.04,90.99054,91.51814027,-0.576498028,53.3,41,5.7,73.8,6.8,16.5,68,8.7,0,0,0,0,0,0,58.5,6.6,34.9,60,9.5,30.5,43.7,27.2,29.1,7.8,13.6,36.9,0,22.3,11.7,7.8,8.5,24.5,48.1,26.4,17,NA,NA,2.9,23.8,43.8,29.5,16.5,52.4,31.1,40.6,58.5,17,0,5.7,14.2,0,NA,NA,NA,NA,NA,NA,26.7,NA,NA,NA,NA,NA,NA,16.5,47.6,51.9,50.5,NA,70.8125,69.81666667,58.25,73.8,75.95,75.25,NA,1993 - Q4,2.97,4.32
6,1994-03-31,1994.01,95.09706,91.51814027,3.910612383,57.2,35.9,6.9,75.15,12.3,26,45.2,13,2.7,0.7,0,0,0,0,63,7.5,29.5,60.7,6.9,32.4,47.6,23.8,28.7,8.5,8.5,57.4,0,17.7,5.7,2.1,6.2,30,54.5,20.7,18.6,NA,NA,3.5,26.1,43.7,26.8,22.9,61.1,16,35.2,39.3,12.4,2.8,11,14.5,3.4,NA,NA,NA,NA,NA,NA,29.6,NA,NA,NA,NA,NA,NA,23.8,50.3,55.5,53.8,NA,72.9375,72.2,61.95,75.15,77.75,76.9,NA,1994 - Q1,3.82,5.27
7,1994-06-30,1994.02,102.787453,91.51814027,12.31374752,66.2,26.9,6.9,79.65,12.6,21.7,49.7,13.3,2.1,0.7,0,0,0,0,68.3,4.8,26.9,66.2,6.9,26.9,54.1,20.7,25.2,12.1,13.6,50,0,18.6,3.6,2.1,8.3,22.8,53.1,28.3,19.3,NA,NA,5.6,29.4,46.2,18.9,24.3,63.2,12.5,22.8,29.7,9,0.7,9.7,11,7.6,NA,NA,NA,NA,NA,NA,35,NA,NA,NA,NA,NA,NA,33.4,59.3,63.5,59.3,NA,76.9375,76.03333333,66.7,79.65,81.75,79.65,NA,1994 - Q2,4.39,5.14
8,1994-09-30,1994.03,105.12693,91.51814027,14.87004618,56.4,41.6,2,77.2,9.4,30.2,43,16.1,0.7,0.7,0,0,0,0,67.1,5.4,27.5,69.4,6.8,23.8,60.4,16,23.6,8.3,21.5,51.4,0,14.6,3.5,0.7,4,22.1,52.3,23.5,16.1,NA,NA,2.7,33.3,44.2,19.7,29,60,11,17.4,28.9,11.4,2,4.7,11.4,8.7,NA,NA,NA,NA,NA,NA,36,NA,NA,NA,NA,NA,NA,44.4,54.4,61.7,62.6,NA,77.8875,78.11666667,72.2,77.2,80.85,81.3,NA,1994 - Q3,4.72,6.76
9,1994-12-31,1994.04,107.0433,91.51814027,16.96402449,65,29.3,5.7,79.65,5.8,19,48.9,21.2,5.1,0,0,0,0,0,70.7,5,24.3,65.7,7.9,26.4,58.4,17.5,24.1,14.5,15.2,36.2,15.2,10.9,5.1,2.9,8.6,25.7,52.9,22.1,16.4,10,10,2.9,35.3,47.1,14.7,29.2,57.7,13.1,22.9,29.3,10.7,5,7.9,15,15.7,NA,NA,NA,NA,NA,NA,38.2,NA,NA,NA,NA,NA,NA,40.9,59.3,65.7,57.8,NA,77.9625,77.4,70.45,79.65,82.85,78.9,NA,1994 - Q4,5.03,6.86
10,1995-03-31,1995.01,105.45047,91.51814027,15.22357172,38.5,50.7,10.8,63.85,3.4,14.2,57.4,16.9,7.4,0.7,0,0,0,0,64.6,10.2,25.2,62.6,11.6,25.9,58.2,18.5,23.3,13.7,21.2,35.6,15.1,4.8,4.8,4.8,8.8,22.9,45.9,27.7,20.3,14.2,11.5,4.8,38.6,42.8,13.8,23.3,62.3,14.4,15.5,27,10.8,4.7,8.8,8.1,29.1,NA,NA,NA,NA,NA,NA,43.4,NA,NA,NA,NA,NA,NA,39.7,27.7,54.4,51,NA,71.6125,74.2,69.85,63.85,77.2,75.55,NA,1995 - Q1,4.47,6.64
11,1995-06-30,1995.02,100.8213,91.51814027,10.16537235,18.8,67.2,14.1,52.4,3.1,13.3,51.6,29.7,2.3,0,0,0,0,0,53.5,9.4,37,50.8,8.6,40.6,50.4,18.4,31.2,8,13.6,39.2,23.2,8,4.8,3.2,10.9,14.8,48.4,24.2,16.4,11.7,9.4,5.6,36.3,45.2,12.9,16.5,62.2,21.3,17.2,39.1,8.6,3.9,9.4,7,14.8,NA,NA,NA,NA,NA,NA,41.9,NA,NA,NA,NA,NA,NA,32,4.7,44.1,42.2,NA,65.375,69.7,66,52.4,72,71.1,NA,1995 - Q2,3.01,5.77
12,1995-09-30,1995.03,96.36635,91.51814027,5.297539604,31.6,55.3,13.2,59.25,9.2,11.8,50.7,27.6,0.7,0,0,0,0,0,55.6,7.9,36.4,51.7,6.6,41.7,44.7,24.7,30.7,6.8,19.7,34,22.4,6.1,5.4,5.4,4.6,21.1,48,27.6,19.1,9.2,11.8,5.4,34.2,40.3,20.1,15.4,62.4,22.1,23.7,36.8,9.9,2,2.6,8.6,7.9,NA,NA,NA,NA,NA,NA,39.6,NA,NA,NA,NA,NA,NA,20,18.4,47.7,45.1,NA,66.4125,68.8,60.05,59.25,73.8,72.55,NA,1995 - Q3,1.84,4.02
13,1995-12-31,1995.04,96.54057,91.51814027,5.487906235,23.2,63.2,13.5,54.8,3.9,23.2,56.1,14.8,1.9,0,0,0,0,0,61.3,9.7,29,60.6,7.1,32.3,43.7,25.2,31.1,11.8,15.7,32.7,20.9,3.9,7.2,7.8,6.5,21.3,52.3,27.1,16.1,13.6,13.6,5.3,30.3,46.7,17.8,19.7,61.2,19.1,13.8,36.1,11.6,5.8,9,11.6,5.8,NA,NA,NA,NA,NA,NA,35.6,NA,NA,NA,NA,NA,NA,18.5,9.7,51.6,53.5,NA,66.65,70.6,59.25,54.8,75.8,76.75,NA,1995 - Q4,1.52,3.69
14,1996-03-31,1996.01,98.18317,91.51814027,7.282741657,31.7,61.2,7.2,62.3,5.7,31.2,56,5.7,1.4,0,0,0,0,0,58.9,5.7,35.5,56,9.9,34,46.3,22.1,31.6,10,15,37.1,24.3,6.4,2.9,4.3,7.1,14.2,53.9,25.5,16.3,12.8,10.6,3.7,32.8,44,19.4,15.8,66.2,18,15.6,41.1,10.6,2.8,3.5,13.5,5,NA,NA,NA,NA,NA,NA,36.5,NA,NA,NA,NA,NA,NA,24.2,24.5,53.2,46.1,NA,68.5125,70.58333333,62.1,62.3,76.65,73,NA,1996 - Q1,0.65,2.46
15,1996-06-30,1996.02,106.346443,91.51814027,16.2025831,43.4,53.7,2.9,70.25,9.5,27.7,53.3,6.6,2.9,0,0,0,0,0,65,3.6,31.4,64.2,5.1,30.7,60.3,14.7,25,9.6,19.9,39,24.3,2.2,2.9,2.2,6.6,22.6,52.6,21.9,15.3,11.7,12.4,3.6,32.8,47.4,16.1,12.6,68.1,19.3,24.8,38,12.4,2.9,7.3,7.3,2.9,NA,NA,NA,NA,NA,NA,36.4,NA,NA,NA,NA,NA,NA,45.6,40.5,61.4,59.1,NA,75.825,77.68333333,72.8,70.25,80.7,79.55,NA,1996 - Q2,1.31,2.9
16,1996-09-30,1996.03,105.774017,91.51814027,15.57710491,54.8,42.6,2.6,76.1,10.3,31,55.5,3.2,0,0,0,0,0,0,65.6,5.8,28.6,55.8,7.1,37,61.2,16.3,22.4,8.1,17.6,40.5,20.9,2.7,6.8,3.4,7.7,17.4,52.9,30.3,18.7,13.6,12.3,5.4,28.4,52.7,13.5,21.3,62,16.7,23.2,36.8,12.9,1.3,7.1,9,0,NA,NA,NA,NA,NA,NA,33.8,NA,NA,NA,NA,NA,NA,44.9,52.2,59.8,48.7,NA,75.675,75.53333333,72.4,76.1,79.9,74.3,NA,1996 - Q3,2.05,3.79
17,1996-12-31,1996.04,109.258339,91.51814027,19.3843523,54.2,42.7,3.1,75.55,7.6,22.1,57.3,7.6,5.3,0,0,0,0,0,63.4,6.1,30.5,57.3,8.4,34.4,64.1,12.2,23.7,12.2,23.7,34.4,14.5,8.4,6.1,0.8,6.9,17.6,59.5,28.2,16.8,14.5,10.7,4.6,37.4,45.8,12.2,23.7,64.8,11.5,19.1,29.8,17.6,3.1,6.1,6.1,0.8,NA,NA,NA,NA,NA,NA,42,NA,NA,NA,NA,NA,NA,51.9,51.1,57.3,48.9,NA,76.1625,76.36666667,75.95,75.55,78.65,74.5,NA,1996 - Q4,2.45,4.4
18,1997-03-31,1997.01,114.260826,91.51814027,24.85046752,63.6,35.8,0.6,81.5,0.6,10.8,67,20.5,1.1,0,0,0,0,0,69.3,4.5,26.1,64.8,5.7,29.5,76.1,10.2,13.7,13.1,19.9,39.2,17,3.4,4,3.4,5.7,21.6,50.6,28.4,18.8,11.4,10.2,4,38.6,43.2,14.2,22.2,66.4,11.4,21.6,23.3,17.6,0.6,13.6,9.1,0,NA,NA,NA,NA,NA,NA,42.6,NA,NA,NA,NA,NA,NA,65.9,63,64.8,59.1,NA,81.5875,81.61666667,82.95,81.5,82.35,79.55,NA,1997 - Q1,3.73,5.63
19,1997-06-30,1997.02,117.720261,91.51814027,28.63052139,73.1,25.8,1.1,86,5.9,12.4,61.3,18.8,1.6,0,0,0,0,0,72,4.3,23.6,65.1,5.9,29,77.4,7,15.6,13.4,22.6,38.2,17.2,2.7,2.7,3.2,8.1,18.8,53.2,26.9,17.7,15.1,10.2,4.3,43.5,39.2,12.9,22,66.7,11.3,17.7,18.3,17.2,3.8,10.8,8.6,0.5,NA,NA,NA,NA,NA,NA,47.8,NA,NA,NA,NA,NA,NA,70.4,72,67.7,59.2,NA,83.65,82.86666667,85.2,86,83.8,79.6,NA,1997 - Q2,4.18,5.45
20,1997-09-30,1997.03,117.6207,91.51814027,28.52173312,55.3,42.2,2.5,76.4,3.7,17.4,62.7,14.9,1.2,0,0,0,0,0,68.3,4.3,27.3,62.7,6.8,30.4,76.4,8.7,14.9,11.2,21.1,35.4,26.7,1.9,0.6,3.1,8.1,13.7,49.7,28.6,21.1,13.7,9.3,1.2,50.3,37.8,10.6,34.2,52.8,13,13,18,19.3,6.2,11.2,7.5,0,NA,NA,NA,NA,NA,NA,51.5,NA,NA,NA,NA,NA,NA,67.7,52.8,64,55.9,NA,80.025,81.23333333,83.85,76.4,81.95,77.9,NA,1997 - Q3,4.51,5.55
21,1997-12-31,1997.04,113.588852,91.51814027,24.11621528,43.6,52.1,3.6,69.65,7.1,17.9,52.9,18.6,1.4,1.4,0,0.7,0,0,62.1,8.6,29.3,59.3,11.4,29.3,72.9,6.4,19.3,14.3,22.1,37.1,17.1,2.9,1.4,4.3,10.7,20.7,55.7,29.3,18.6,7.9,9.3,5.7,40.7,42.9,10,30,62.1,7.9,15,14.3,17.9,2.9,15.7,11.4,0.7,NA,NA,NA,NA,NA,NA,46.4,NA,NA,NA,NA,NA,NA,66.5,40,53.5,47.9,NA,75.725,77.75,82.55,69.65,76.75,73.95,NA,1997 - Q4,4.68,5.28
22,1998-03-31,1998.01,110.602287,91.51814027,20.85285679,37.9,51.6,10.5,63.7,10.5,26.6,48.4,12.9,0.8,0.8,0,0,0,0,64.5,8.9,26.6,59.7,14.5,25.8,64.5,10.5,25,13.2,19.8,35.9,17.2,3.6,8.4,1.9,7.3,23.4,47.6,22.6,14.5,7.3,10.5,5.8,42.1,39,13.1,17.9,66.6,15.5,18.5,29,25.8,2.4,10.5,6.5,2.4,NA,NA,NA,NA,NA,NA,47.9,NA,NA,NA,NA,NA,NA,54,27.4,55.6,45.2,NA,72.775,75.8,77,63.7,77.8,72.6,NA,1998 - Q1,4.78,4.81
23,1998-06-30,1998.02,106.246887,91.51814027,16.09380029,20.9,63.4,15.7,52.6,9.7,31.3,47.8,9.7,1.5,0,0,0,0,0,58.2,11.2,30.6,56,13.4,30.6,58.2,15.7,26.1,20.1,15.7,31.3,21.7,5.2,3,3,6.7,22.4,52.2,26.1,11.2,9.7,12.7,4.5,43.3,41.8,10.4,18.7,61.9,19.4,24.6,24.6,19.4,2.2,14.2,9.7,2.2,NA,NA,NA,NA,NA,NA,47.8,NA,NA,NA,NA,NA,NA,42.5,5.2,47,42.6,NA,67.1625,72.01666667,71.25,52.6,73.5,71.3,NA,1998 - Q2,3.66,3.98
24,1998-09-30,1998.03,91.78696,91.51814027,0.293733816,5.5,41.4,53.1,26.2,17.4,28.6,35.7,13.5,2.4,1.6,0.8,0,0,0,42.2,14.1,43.7,40.6,17.2,42.2,39.1,28.9,32,11.7,9.4,35.2,25,4.7,7,7,5.5,18.8,50,23.4,9.4,10.2,9.4,3.9,38.3,46.1,11.7,12.7,59,28.3,20.3,34.4,14.1,5.5,10.2,9.4,2.3,NA,NA,NA,NA,NA,NA,42.2,NA,NA,NA,NA,NA,NA,10.2,-47.6,28.1,23.4,NA,51.7625,60.28333333,55.1,26.2,64.05,61.7,NA,1998 - Q3,3.38,2.88
25,1998-12-31,1998.04,94.37531,91.51814027,3.12197092,18.1,53.1,28.8,17.5,33.9,32.8,13,2.3,0.5,0,0,0,0,52.5,16.9,30.6,45.8,22.6,31.6,44.1,27.7,28.2,11.9,11.9,33.9,15.3,9,6.8,11.2,9,20.3,42.9,26.6,11.3,10.2,9.6,4,37.3,44.6,14.1,19.2,53.7,27.1,15.8,44.6,20.3,7.3,6.2,13.6,0.6,7.3,7.3,0,27.1,19.2,1.7,41.3,22.6,NA,NA,NA,NA,NA,NA,-0.5,-10.7,-13.7,-9,NA,40.6875,39.36666667,33.65,44.65,39.8,44.65,NA,1998 - Q4,3.78,3.19
26,1999-03-31,1999.01,107.068192,91.51814027,16.99122347,33,59.8,7.2,14.7,40.3,36.6,6.4,1,1,0,0,0,0,64.4,5.8,29.8,63.4,8.9,27.7,60.7,17.3,22,12,19.4,29.3,22.5,5.8,4.2,6.8,12,15.7,46.6,24.1,12.6,11,7.9,7.3,35.6,42.4,14.7,20.9,60.3,18.8,17.8,22.5,14.7,6.3,9.4,13.6,2.1,0,6.3,0,33.5,22,1.6,42.9,12.6,NA,NA,NA,NA,NA,NA,-4.7,25.8,-24,-18.8,NA,40.7375,33.35,23.3,62.9,37.5,39.25,NA,1999 - Q1,4.19,4.35
27,1999-06-30,1999.02,107.491287,91.51814027,17.45353072,37.4,58.8,3.8,10,23.6,57.7,7.7,0.5,0.5,0,0,0,0,62.6,4.4,33,59.9,6,34.1,62.1,14.8,23.1,14.3,13.7,37.4,22,6.6,4.4,1.6,7.7,21.4,46.7,18.1,14.8,8.8,7.1,5.5,37.9,39.6,17,17.6,63.2,19.2,17.6,25.3,14.3,2.7,11,12.1,4.9,10.4,14.8,0,31.9,17.6,9.9,43.4,13.2,NA,NA,NA,NA,NA,NA,-8.3,33.6,-28.6,-28.1,NA,40.0375,31.11666667,21.95,66.8,34.35,37.05,NA,1999 - Q2,5.01,6.3
28,1999-09-30,1999.03,109.830765,91.51814027,20.00983048,34,62.2,3.8,5.7,23.9,55.3,12.6,2.5,0,0,0,0,0,72.3,5.7,22,67.3,8.2,24.5,59.1,18.9,22,15.7,19.5,28.9,22,3.8,4.4,5.7,7.5,18.2,50.3,25.2,13.8,10.7,9.4,4.4,44.6,36.5,14.5,22,58.5,19.5,16.4,25.2,15.1,2.5,9.4,8.8,3.1,12.6,15.7,0,26.4,22,4.4,49,6.9,NA,NA,NA,NA,NA,NA,-3.1,30.2,-16.3,-16.3,NA,42.2375,34.61666667,26.75,65.1,39.35,37.75,NA,1999 - Q3,5.69,8.78
29,1999-12-31,1999.04,117.6207,91.51814027,28.52173312,53.1,46.4,0.6,5,12.8,57.5,18.4,5,0.6,0,0,0,0,78.8,1.1,20.1,72.6,2.8,24,73.2,10.5,16.2,17.3,27.9,31.3,14,3.4,2.2,3.4,8.4,21.1,47.5,25.1,11.2,10.1,8.4,7.7,39,38.5,14.5,28.5,58.1,13.4,16.8,16.8,13.4,7.3,15.1,15.6,2.2,11.2,22.9,0,32.4,26.8,3.9,46.7,7.3,NA,NA,NA,NA,NA,NA,-5.7,52.5,-19,-21.2,NA,43.0625,31.98333333,19.15,76.3,37.4,39.4,NA,1999 - Q4,5.74,9.18
30,2000-03-31,2000.01,115.505226,91.51814027,26.21019795,44.2,50.8,4.2,3.3,4.2,45.8,38.3,5.8,2.5,0,0,0,0,70.8,4.2,25,67.5,4.2,28.3,72.5,11.7,15.8,21.7,19.2,34.2,15,5,1.7,2.5,7.5,27.5,47.5,28.3,15.8,15,6.7,5.8,44.2,36.7,13.3,34.2,53.3,11.7,10.8,13.3,15.8,7.5,10.8,14.2,7.5,7.5,17.5,38.3,24.2,5.8,5,50,7.5,NA,NA,NA,NA,NA,NA,-4.1,40,-20.8,-24.1,NA,42.6375,33.65,22.55,69.6,37.95,40.45,NA,2000 - Q1,5.52,9.74
31,2000-06-30,2000.02,110.079643,91.51814027,20.28177438,26.9,55.8,17.3,1.9,11.5,43.3,35.6,6.7,1,0,0,0,0,69.2,8.7,22.1,61.5,11.5,26.9,65.4,18.3,15.4,14.4,15.4,36.5,21.2,5.8,2.9,3.8,8.7,21.2,44.2,28.8,9.6,9.6,7.7,8.7,45.2,26,19.2,26,56.7,16.3,13.5,19.2,12.5,2.9,12.5,13.5,9.6,10.6,25,24.5,25,2.9,5.8,53.9,2.9,NA,NA,NA,NA,NA,NA,2.9,9.6,-13.4,-15.4,NA,40.9875,36.38333333,25.5,54.8,39.45,44.2,NA,2000 - Q2,5.88,10.59
32,2000-09-30,2000.03,106.570435,91.51814027,16.44733457,24.4,64.4,11.1,1.5,5.9,41.5,43,6.7,0,0,0,0,0,57.8,3.7,38.5,54.8,6.7,38.5,67.4,16.3,16.3,14.8,20.7,28.1,26.7,3,3,3.7,9.6,19.3,48.1,23.7,10.4,10.4,8.9,5.2,34.8,41.5,17,28.1,57.8,13.3,14.8,17.8,14.8,7.4,18.5,21.5,5.2,11.9,17.8,30,30.4,3.7,5.2,40,1.5,NA,NA,NA,NA,NA,NA,0,13.3,-34.8,-31.8,NA,37.95,31.73333333,23.7,56.6,31.1,40.4,NA,2000 - Q3,5.31,9.84
33,2000-12-31,2000.04,100.1991,91.51814027,9.485507135,10.5,50,39.5,2.6,6.1,43,40.4,7,0.9,0,0,0,0,52.6,11.4,35.1,54.4,13.2,31.6,46.5,24.6,26.6,17.5,18.4,21.9,21.1,7.9,5.3,7.9,7,21.9,42.1,23.7,11.4,14,11.4,10.5,36,45.6,7,26.3,53.5,20.2,14,32.5,13.2,4.4,9.6,16.7,6.1,8.8,17.5,25.4,25.4,1,9.6,46.5,0,NA,NA,NA,NA,NA,NA,-2,-29,-23.7,-18.4,NA,35.975,36.13333333,33.35,35.5,38.6,36.45,NA,2000 - Q4,4.03,8.83
34,2001-03-31,2001.01,83.79791,91.51814027,-8.435737714,15.5,35,49.5,6.8,13.6,45.6,31.1,1.9,1,0,0,0,0,45.6,14.6,38.8,45.6,17.5,36.9,31.1,35,33,6.8,12.6,32,21.4,6.8,7.8,12.6,7.8,23.3,47.6,23.3,8.7,11.7,7.8,1.9,29.1,47.6,21.4,21.4,46.6,32,25.2,39.8,17.5,6.8,12.6,19.4,1,15.5,21.4,21.4,25,19.4,1,31,16.5,NA,NA,NA,NA,NA,NA,2,-34,-24.2,-19.4,NA,35.4625,36.28333333,38.4,33,37.4,33.05,NA,2001 - Q1,2.93,7.45
35,2001-06-30,2001.02,93.92733,91.51814027,2.632472337,22,54.7,23.3,1.3,4,49.3,38,6,0.7,0,0,0,0,50,9.3,40.7,45.3,13.3,41.3,40,24,36,14,12.7,28,24.7,8.7,6.7,5.3,4.7,16.7,62.7,19.3,7.3,13.3,7.3,4.7,31.3,48.7,15.3,15.3,57.3,27.3,20,40,14.7,8.7,16,16,0.7,6,17.3,17.3,17.3,2,6.7,36,0,NA,NA,NA,NA,NA,NA,-12,-1.3,-31.4,-28,NA,36.4,32.08333333,31,49.35,31.95,33.3,NA,2001 - Q2,2,4.86
36,2001-09-30,2001.03,66.32653,91.51814027,-27.52635729,9.9,23.8,66.3,12.9,10.9,48.5,23.8,4,0,0,0,0,0,19.8,32.7,47.5,22.8,36.6,40.6,13,52.5,33.7,7.9,6.9,27.7,25.7,11.9,8.9,9.9,5.9,15.8,66.3,13.9,5.9,8.9,3,7,30.7,43.6,18.8,13.9,42.6,43.6,24.8,37.6,15.8,5.9,8.9,17.8,0,12.9,13.9,13.9,13.9,0,9.9,37.7,2,NA,NA,NA,NA,NA,NA,18.8,-56.4,-14.8,-4,NA,41.3625,47.88333333,56.45,21.8,44.1,43.1,NA,2001 - Q3,0.91,1.52
37,2001-12-31,2001.04,83.92235,91.51814027,-8.299764671,39.7,42.3,16.7,28.2,28.2,37.2,3.8,1.3,0,0,0,0,0,42.3,17.9,39.7,47.4,15.4,37.2,33.3,32.1,29.5,7.7,7.7,33.3,17.9,10.3,11.5,11.5,7.7,17.9,46.2,29.5,15.4,11.5,7.7,1.3,30.8,46.2,20.5,11.5,50,38.5,19.2,50,9,1.3,2.6,26.9,0,19.2,6.4,23.8,24.4,0,15.4,32.1,0,NA,NA,NA,NA,NA,NA,2.6,23,-21.8,-21.8,NA,42.6125,36.53333333,35.95,60.85,41.6,32.05,NA,2001 - Q4,1.35,0.33
38,2002-03-31,2002.01,97.36187,91.51814027,6.385323946,70.7,28.3,1,7.8,22,57.6,11.7,1,0,0,0,0,0,62,4.9,33.2,59,6.3,34.6,50.7,19.5,29.3,11.7,14.6,32.7,23.9,6.3,5.9,4.4,3.9,14.6,72.7,9.8,8.8,7.3,6.3,3.4,22.4,51.2,22.9,16.1,58.5,25.4,21,49.3,11.2,2.9,14.1,18,1,11.2,14.1,16.6,31.5,1.5,13.2,25.8,1,NA,NA,NA,NA,NA,NA,-9.8,69.7,-28.3,-28.3,NA,44.0625,30.46666667,25.35,84.85,34.4,31.65,NA,2002 - Q1,2.31,0.76
39,2002-06-30,2002.02,103.88253,91.51814027,13.51031576,58.9,36.9,4.2,7.7,11.3,56,22.6,0.6,1.8,0,0,0,0,67.9,1.8,30.4,66.7,3,30.4,51.8,13.7,31,6.5,13.1,39.9,27.4,4.8,3,3,7.1,14.3,74.4,14.3,11.3,7.7,4.2,3,30.4,44.6,20.2,21.4,52.4,25,23.2,40.5,15.5,4.8,9.5,19,1.8,10.7,10.1,15.3,35.2,5.4,6,33.4,0.6,NA,NA,NA,NA,NA,NA,-17.3,54.7,-28.6,-27.4,NA,39.5875,27,16.95,77.35,35.15,28.9,NA,2002 - Q2,2.64,2.87
40,2002-09-30,2002.03,92.55849,91.51814027,1.136768867,25.9,57.8,16.2,7,14.1,54.1,21.1,2.2,1.1,0.5,0,0,0,53,6.5,40.5,55.1,9.7,35.1,38.4,23.8,37.3,5.9,9.2,43.8,29.7,4.9,3.8,2.7,7.6,13,73.5,12.4,8.6,6.5,7,4.3,27,47.6,20.5,19.5,49.2,31.4,30.8,43.2,12.4,4.3,8.1,17.8,0.5,9.7,14.1,18.4,31.4,0,11.4,31.3,0,NA,NA,NA,NA,NA,NA,-13.5,9.7,-34,-25.4,NA,36.125,29.9,26.75,54.8,34.05,28.9,NA,2002 - Q3,3.59,5.74
41,2002-12-31,2002.04,97.06322,91.51814027,6.058995199,33.8,55.4,10,4.6,9.2,54.6,28.5,1.5,1.5,0,0,0,0,58.5,5.4,36.2,59.2,10.8,30,47.7,22.3,26.9,13.1,13.8,31.5,23.1,9.2,4.6,4.6,5.4,20.8,70,18.5,9.2,4.6,3.1,3.8,26.2,51.5,18.5,30,46.2,23.8,23.8,38.5,14.6,2.3,11.5,19.2,0,12.3,15.4,22.3,22.3,18.5,0.8,30,8.5,NA,NA,NA,NA,NA,NA,-4.6,23.8,-30.8,-19.2,NA,40,32.83333333,28.85,61.5,35,34.65,NA,2002 - Q4,3.53,7.88
42,2003-03-31,2003.01,93.75311,91.51814027,2.442105706,36.1,37.6,25.6,3,3.8,39.1,40.6,10.5,1.5,0,0,0,0,50.4,9.8,39.1,52.6,12,34.6,42.1,26.3,30.8,9,13.5,34.6,28.6,7.5,3.8,2.3,9.8,21.1,60.9,15.8,6,6.8,5.3,1.5,36.8,41.4,18,14.3,62.4,21.8,21.1,44.4,15,7.5,11.3,20.3,6,10.5,14.3,8.7,23.3,16.5,2.3,38.3,0,NA,NA,NA,NA,NA,NA,-4.5,10.5,-29.3,-22.6,NA,38.7125,33.31666667,30.8,54.9,36.1,33.05,NA,2003 - Q1,2.58,7.89
43,2003-06-30,2003.02,78.4221,91.51814027,-14.30977535,25,40,35,11.7,13.3,54.2,18.3,1.7,0,0,0,0,0,44.2,15,40.8,39.2,20,40.8,29.2,42.5,28.3,5,5.8,34.2,27.5,12.5,6.7,7.5,2.5,10.8,70,5.8,5.8,7.5,5.8,4.2,25.8,39.2,30.8,10,37.5,52.5,17.5,52.5,15.8,0.8,10.8,15.8,2.5,5,15,16.7,30.9,45,0.8,30,0,NA,NA,NA,NA,NA,NA,14.2,-10,-25.8,-20.8,NA,39.8,38.06666667,45,45,34.6,34.6,NA,2003 - Q2,1.83,4.37
44,2003-09-30,2003.03,90.74166,91.51814027,-0.848444114,39.2,50,10.8,6.2,16.2,58.5,17.7,0.8,0,0,0,0,0,53.1,7.7,39.2,52.3,9.2,37.7,43.8,24.6,31.5,7.7,6.2,36.2,30.8,10.8,3.1,5.4,6.9,10,72.3,12.3,12.3,9.2,3.1,2.3,27.7,37.7,30,14.6,46.2,37.7,25.4,46.2,17.7,5.4,10.8,11.5,0,6.9,13.8,13.1,23.9,32.3,1.5,30,0,NA,NA,NA,NA,NA,NA,-6.9,28.4,-31.5,-28.5,NA,39.4,31.13333333,28.45,64.2,33.85,31.1,NA,2003 - Q3,1.33,4.5
45,2003-12-31,2003.04,104.405174,91.51814027,14.08139817,48.8,42.3,8.9,11.4,18.7,53.7,14.6,1.6,0,0,0,0,0,61.8,4.1,34.1,60.2,8.1,31.7,62.6,15.4,21.1,12.2,13,42.3,22,4.1,1.6,4.9,8.1,17.9,67.5,19.5,12.2,8.1,4.1,7.3,26,46.3,18.7,17.9,53.7,28.5,21.1,38.2,14.6,2.4,13.8,16.3,1.6,6.5,20.3,16.7,14.6,9.8,31.7,33.3,3.3,NA,NA,NA,NA,NA,NA,-5.7,39.9,-30,-23.6,NA,41.2625,31.7,21.5,69.95,34.2,39.4,NA,2003 - Q4,1.48,3.82
46,2004-03-31,2004.01,103.3101,91.51814027,12.8848332,36.8,53.3,9.9,5.3,23.7,58.6,10.5,1.3,0.7,0,0,0,0,57.2,5.9,36.8,56.6,9.2,32.9,55.3,12.5,31.6,12.5,11.8,37.5,24.3,5.9,2,5.3,8.6,17.1,62.5,17.1,13.2,8.6,7.2,1.3,35.5,46.7,15.8,18.4,67.1,13.8,18.4,31.6,18.4,3.9,7.9,16.4,0,5.3,23,20.4,9.9,13.8,38.8,36.8,3.9,NA,NA,NA,NA,NA,NA,-19.1,26.9,-30.9,-23.7,NA,38.3125,29.93333333,18.75,63.45,34.2,36.85,NA,2004 - Q1,1.64,3.69
47,2004-06-30,2004.02,103.907417,91.51814027,13.53750927,33.8,58.8,5.4,2.7,8.8,54.1,29.7,2.7,1.4,0,0,0,0,54.7,4.1,41.2,54.1,5.4,39.9,56.1,15.5,26.4,12.2,14.9,35.8,25.7,6.8,0.7,4.1,6.1,19.6,53.4,17.6,8.8,7.4,6.8,4.7,33.1,50.7,11.5,21.6,64.2,12.8,14.9,20.9,12.2,9.5,14.2,12.2,2.7,2.7,19.6,24,15.5,18.9,26.4,37.8,5.4,NA,NA,NA,NA,NA,NA,-10.9,28.4,-37.1,-34.5,NA,37.35,28.73333333,21.6,63.2,31.15,33.45,NA,2004 - Q2,3,7.31
48,2004-09-30,2004.03,107.989052,91.51814027,17.99742835,38.5,54.6,6.2,4.6,8.5,58.5,22.3,3.8,1.5,0.8,0,0,0,61.5,6.9,31.5,53.8,10,35.4,64.6,13.8,19.2,13.8,16.2,36.2,21.5,3.1,4.6,4.6,8.5,20.8,60.8,17.7,13.8,10,5.4,6.2,37.7,40,15.4,25.4,61.5,13.1,12.3,20.8,20.8,11.5,12.3,11.5,3.8,7.7,20,23.5,13.1,11.5,26.2,43.9,0.8,NA,NA,NA,NA,NA,NA,-5.4,32.3,-24.6,-25.4,NA,40.65,32.26666667,20.7,65.8,33.8,42.3,NA,2004 - Q3,3.83,7.41
49,2004-12-31,2004.04,99.77601,91.51814027,9.023205346,16.1,63.4,19.6,3.6,10.7,59.8,22.3,3.6,0,0,0,0,0,48.2,10.7,41.1,47.3,14.3,38.4,55.4,17,23.2,16.1,20.5,25.9,22.3,8.9,2.7,2.7,8,17.9,46.4,23.2,17,9.8,6.3,4.5,36.6,42.9,16.1,20.5,56.3,23.2,11.6,17,15.2,10.7,17,14.3,0.9,4.5,20.5,17.9,6.3,13.4,35.7,41.1,1.8,NA,NA,NA,NA,NA,NA,-6.2,-3.5,-30.4,-24.1,NA,37.3,33.8,25.05,47.8,34.35,42,NA,2004 - Q4,3.86,7.4
50,2005-03-31,2005.01,96.98855,91.51814027,5.977404818,18.6,64.9,16.5,6.2,15.5,35.1,35.1,5.2,1,1,0,0,0,43.3,13.4,43.3,39.2,17.5,42.3,53.6,20.6,24.7,11.3,16.5,35.1,23.7,7.2,4.1,2.1,4.1,17.5,57.7,21.6,8.2,9.3,3.1,5.2,34,47.4,12.4,24.7,56.7,15.5,7.2,21.6,13.4,12.4,14.4,17.5,1,2.1,14.4,13.2,21.6,12.4,22.7,39.2,4.1,NA,NA,NA,NA,NA,NA,-4.1,2.1,-29.9,-24.8,NA,38.65,34.51666667,26.25,51.05,33,44.3,NA,2005 - Q1,3.47,6.49
51,2005-06-30,2005.02,99.32803,91.51814027,8.533706763,23.6,67,9.4,0.9,9.4,54.7,28.3,4.7,0,0,0,0,0,54.7,11.3,34,51.9,11.3,36.8,50,16,32.1,6.6,15.1,34.9,27.4,8.5,4.7,1.9,10.4,15.1,55.7,17,11.3,8.5,1.9,2.8,34,46.2,15.1,21.7,63.2,14.2,18.9,20.8,12.3,10.4,14.2,6.6,0.9,8.5,26.4,22.6,17,16,19.8,36.8,0,NA,NA,NA,NA,NA,NA,-16.1,14.2,-22.7,-25.5,NA,37.4875,30.95,19.3,57.1,37.25,36.3,NA,2005 - Q2,3,5.38
52,2005-09-30,2005.03,90.69189,91.51814027,-0.902826775,16.1,57.1,26.8,1.8,5.4,29.5,47.3,8,4.5,2.7,0.9,0,0,42.9,20.5,34.8,42,25,33,41.1,26.8,31.3,9.8,18.8,33,25.9,4.5,2.7,3.6,8.9,14.3,50,20.5,12.5,6.3,8.9,12.5,31.3,39.3,16.1,34.8,47.3,17.9,9.8,15.2,15.2,9.8,26.8,6.3,0.9,2.7,33.9,17.9,17,8,34.8,43.8,0,NA,NA,NA,NA,NA,NA,-4.5,-10.7,-14.3,-8,NA,40.85,39.58333333,31.7,44.65,41.5,45.55,NA,2005 - Q3,3.03,6.33
53,2005-12-31,2005.04,105.052261,91.51814027,14.7884569,25.7,63.3,11,3.7,4.6,40.4,39.4,9.2,1.8,0.9,0,0,0,53.2,11.9,34.9,50.5,13.8,34.9,56,16.5,25.7,14.7,18.3,32.1,18.3,5.5,1.8,8.3,9.2,8.3,41.3,26.6,17.4,7.3,7.3,9.2,42.2,38.5,10.1,26.6,51.4,22,8.3,21.1,13.8,17.4,24.8,12.8,6.4,18.3,30.3,24.7,22,15.6,15.6,51.4,0,NA,NA,NA,NA,NA,NA,-9.2,14.7,-23,-21.1,NA,40.0375,34.26666667,23.85,57.35,37.15,41.8,NA,2005 - Q4,3.31,7.49
54,2006-03-31,2006.01,104.181183,91.51814027,13.83664778,27.4,58.9,13.7,2.4,6.5,43.5,42.7,0.8,3.2,0,0,0,0,50,6.5,43.5,46.8,10.5,41.9,56.5,16.1,26.6,10.5,13.7,43.5,18.5,4,3.2,6.5,5.6,13.7,53.2,18.5,9.7,9.7,5.6,6.5,42.7,36.3,14.5,18.5,61.3,20.2,13.7,20.2,12.9,10.5,19.4,12.1,11.3,4.8,29.8,23.4,17.7,18.5,26.6,49.2,0,NA,NA,NA,NA,NA,NA,-10.5,13.7,-37,-31.4,NA,36.7125,30,21.35,56.85,29.9,38.75,NA,2006 - Q1,3.79,6.93
55,2006-06-30,2006.02,101.966148,91.51814027,11.41632434,20.4,59.3,20.4,2.7,10.6,45.1,34.5,3.5,1.8,0,0,0,0.9,46,9.7,44.2,41.6,11.5,46.9,59.3,18.6,21.2,15.9,17.7,28.3,27.4,1.8,5.3,3.5,1.8,18.6,54,23.9,14.2,5.3,2.7,5.3,45.1,31.9,17.7,27.4,60.2,12.4,12.4,15.9,12.4,14.2,29.2,8.8,10.6,2.7,34.5,12.4,18.6,9.7,27.4,50.4,1.8,NA,NA,NA,NA,NA,NA,-2.6,0,-34.5,-35.4,NA,37.0625,32.73333333,26.55,50.05,30.5,41.15,NA,2006 - Q2,3.09,6.51
56,2006-09-30,2006.03,96.73967,91.51814027,5.705458732,9.9,62,28.2,3.5,9.9,49.3,32.4,4.9,0,0,0,0,0,43,11.3,44.4,38,15.5,45.8,47.9,25.4,25.4,11.3,12.7,39.4,24.6,3.5,1.4,6.3,5.6,13.4,51.4,28.9,10.6,7,7,4.9,43,36.6,13.4,22.5,58.5,16.9,7.7,16.2,14.1,13.4,29.6,14.8,4.9,4.9,45.1,19.7,14.8,11.3,21.8,47.9,0.7,NA,NA,NA,NA,NA,NA,0,-18.3,-33.1,-30.3,NA,35.425,33.6,31.05,40.9,30.3,39.45,NA,2006 - Q3,2.14,4.73
57,2006-12-31,2006.04,105.674461,91.51814027,15.46832211,18.1,63.8,18.1,9.6,13.8,44.7,21.3,5.3,5.3,0,0,0,0,51.1,8.5,39.4,44.7,19.1,36.2,58.5,14.9,26.6,6.4,20.2,41.5,19.1,6.4,1.1,4.3,6.4,14.9,42.6,31.9,11.7,9.6,7.4,12.8,42.6,23.4,17,28.7,45.7,21.3,13.8,20.2,13.8,17,36.2,11.7,4.3,8.5,40.4,16,20.2,13.8,20.2,55.4,4.3,NA,NA,NA,NA,NA,NA,-11.7,0,-30.9,-17.1,NA,36.825,32.43333333,18.1,50,30.85,48.35,NA,2006 - Q4,1.55,3.08
58,2007-03-31,2007.01,99.8009,91.51814027,9.05040214,14.9,70.3,14.9,5,6.9,42.6,32.7,8.9,3,1,0,0,0,44.6,8.9,45.5,45.5,12.9,41.6,51.5,21.8,26.7,10.9,18.8,39.6,15.8,10.9,4,0,10.9,11.9,37.6,34.7,12.9,6.9,5.9,6.9,42.6,34.7,13.9,20.8,61.4,15.8,14.9,23.8,12.9,14.9,35.6,10.9,2,5,39.7,20.6,14.9,10.9,17.8,49.5,3,NA,NA,NA,NA,NA,NA,-4.9,0,-36.6,-28.7,NA,36.9,32.51666667,27.25,50.05,31.65,38.65,NA,2007 - Q1,1.38,4.83
59,2007-06-30,2007.02,104.230965,91.51814027,13.89104355,15.1,63.2,21.7,4.7,6.6,50.9,28.3,7.5,1.9,0,0,0,0,50.5,9.7,39.8,51.9,13.2,34.9,54.7,13.2,32.1,14.4,16.3,40.4,18.3,3.8,2.9,3.8,6.6,13.2,42.5,32.1,12.3,7.5,11.3,6.7,44.2,34.6,14.4,26.9,55.8,17.3,11.3,23.6,13.2,15.1,34.9,7.5,7.5,3.8,37.7,20.8,17.9,13.2,30.2,50.9,0,NA,NA,NA,NA,NA,NA,-18.9,-6.6,-30.1,-21.7,NA,35.825,32.2,20.4,46.7,35.65,40.55,NA,2007 - Q2,2.3,5.76
60,2007-09-30,2007.03,99.27825,91.51814027,8.479313175,24.5,42.9,32.7,13.3,5.1,44.9,33.7,1,2,0,0,0,0,49,14.3,36.7,39.4,18.2,42.4,57.6,20.2,22.2,13.1,18.2,34.3,17.2,6.1,5.1,6.1,6.1,8.1,40.4,31.3,16.2,7.1,10.1,8.2,36.1,38.1,17.5,24,56.3,19.8,8.1,18.2,7.1,10.1,39.4,15.2,4,10.1,44.4,17.2,14.1,10.1,30.3,44.3,0,NA,NA,NA,NA,NA,NA,-2,-8.2,-22.4,-24.2,NA,38.425,35.91666667,26.75,45.95,34,47,NA,2007 - Q3,2.45,5.14
61,2007-12-31,2007.04,98.65604,91.51814027,7.799437035,8.3,58.3,33.3,9.7,6.9,54.2,20.8,4.2,4.2,0,0,0,0,40.3,15.3,44.4,34.7,22.2,43.1,45.8,19.4,34.7,13.9,8.3,43.1,19.4,2.8,6.9,5.6,1.4,13.9,45.8,22.2,13.9,2.8,5.6,5.6,52.1,29.6,12.7,21.1,60.6,18.3,4.2,26.4,12.5,16.7,27.8,6.9,2.8,5.6,37.5,18.1,16.7,9.7,38.9,57.7,1.4,NA,NA,NA,NA,NA,NA,-15.3,-25,-29.1,-20.9,NA,35.3875,34.7,26.35,37.45,32.65,45.1,NA,2007 - Q4,2.16,5.92
62,2008-03-31,2008.01,94.17621,91.51814027,2.904418422,7.2,42,50.7,7.3,14.7,47.2,25,1.4,4.4,0,0,0,0,32.4,16.1,51.5,33.3,23.2,43.5,43.3,22.4,34.3,10.1,14.5,36.2,14.5,7.2,10.1,7.2,4.3,17.4,52.5,24.6,8.7,1.4,2.9,14.7,41.2,29.4,14.7,15.9,58,26.1,8.7,29,18.8,15.9,20.3,20.3,4.3,2.9,20.3,15.9,18.8,8.7,29,55.9,0,NA,NA,NA,NA,NA,NA,-11.9,-43.5,-35.4,-20.3,NA,33.3125,35.01666667,27.45,28.2,32.75,44.85,NA,2008 - Q1,1.59,5.82
63,2008-06-30,2008.02,89.44749,91.51814027,-2.262557202,10.6,36.2,53.2,3.2,3.2,34,43.6,8.5,6.4,1.1,0,0,0,31.2,21.5,47.3,30.4,28.3,41.3,38.3,23.4,38.3,9.6,6.4,31.9,35.1,5.3,5.3,6.4,10.6,17,48.9,27.7,13.8,4.3,7.4,7.6,44.6,30.4,17.4,18.7,61.5,19.8,16,30.9,18.1,11.7,26.6,23.4,3.2,3.2,36.2,14.9,13.8,8.5,27.7,52.2,2.1,NA,NA,NA,NA,NA,NA,-14.9,-42.6,-25.8,-13,NA,35.2625,37.45,28.2,28.7,36.7,47.45,NA,2008 - Q2,0.97,6.4
64,2008-09-30,2008.03,76.23196,91.51814027,-16.70289653,12.2,18.3,69.5,9.9,13.6,37,25.9,9.9,1.2,1.2,1.2,0,0,22,26.8,51.2,25.6,31.7,42.7,25.9,38.3,35.8,3.7,4.9,27.2,29.6,14.8,8.6,11.1,7.2,14.5,49.4,22.9,13.3,4.8,9.6,3.7,42,32.1,22.2,14.8,54.3,30.9,13.3,43.4,9.6,12,27.7,27.7,7.2,7.2,24.1,18.8,8.4,12,13.3,45.7,12,NA,NA,NA,NA,NA,NA,2.5,-57.3,-24.4,-11,NA,36.4375,41.46666667,40.15,21.35,39.6,44.65,NA,2008 - Q3,1.38,7.1
65,2008-12-31,2008.04,67.2971649,91.51814027,-26.46576438,9.5,33.3,57.1,38.1,28.6,22.6,7.1,0,3.6,0,0,0,0,23.8,35.7,40.5,15.5,42.9,41.7,22.6,46.4,31,4.8,7.1,19,36.9,7.1,10.7,14.3,6,22.6,35.7,27.4,11.9,6,6,4.9,28.4,39.5,27.2,5.1,54.4,40.5,19,60.7,8.3,8.3,13.1,34.5,6,17.9,20.2,13.1,11.9,8.3,3.6,33.3,17.9,NA,NA,NA,NA,NA,NA,15.4,-47.6,-4.8,1.2,NA,43.15,48.81666667,48.8,26.15,43.45,54.2,NA,2008 - Q4,0.09,0.9
66,2009-03-31,2009.01,69.6366348,91.51814027,-23.90947348,20.3,39.1,40.6,40.6,31.3,20.3,6.3,1.6,0,0,0,0,0,20.3,31.3,48.4,20.3,40.6,39.1,31.3,46.9,21.9,4.7,4.7,18.8,28.1,10.9,17.2,15.6,9.4,12.5,39.1,25,10.9,4.7,9.4,3.2,29,41.9,25.8,6.5,48.4,45.2,14.1,56.3,9.4,6.3,18.8,29.7,1.6,15.6,15.6,12.5,14.1,7.8,1.6,32.2,20.3,NA,NA,NA,NA,NA,NA,25,-20.3,-17.1,1.5,NA,46.7,48.98333333,49.25,39.85,41.45,56.25,NA,2009 - Q1,-2.25,-4.89
67,2009-06-30,2009.02,80.01493,91.51814027,-12.56932258,37.5,47.1,15.4,28.8,26,34.6,9.6,0,1,0,0,0,0,39,19,41.9,38.1,22.9,39,42.9,25.7,31.4,4.8,10.6,23.1,39.4,4.8,9.6,7.7,2.9,17.1,58.1,15.2,13.3,8.6,5.7,2.9,19.6,39.2,38.2,9.8,52.9,37.3,27.6,62.9,12.4,2.9,8.6,25.7,3.8,5.7,14.3,18.1,19,10.5,15.2,22.5,5.7,NA,NA,NA,NA,NA,NA,-5.7,22.1,-22.9,-16.1,NA,42.8875,36.83333333,28.1,61.05,38.05,44.35,NA,2009 - Q2,-3.66,-7.69
68,2009-09-30,2009.03,95.59483,91.51814027,4.45451548,63.1,30,6.9,20.8,30.8,36.9,7.7,1.5,1.5,0,0,0,0.8,60.8,6.1,33.1,56.2,12.3,31.5,51.9,21.7,26.4,16.3,9.3,31.8,27.1,7.8,3.1,4.6,5.4,7.7,52.3,22.3,13.8,10,8.5,1.6,26.5,43,28.9,16.9,54.6,28.5,23.1,53.8,8.5,5.4,10.8,25.4,1.5,11.5,16.9,18.5,14.6,16.9,24.6,28.1,0.8,NA,NA,NA,NA,NA,NA,-4.7,56.2,-27,-19.2,NA,45.1,34.1,29.85,78.1,34.2,38.25,NA,2009 - Q3,-4.02,-7.47
69,2009-12-31,2009.04,93.778,91.51814027,2.4693025,60.6,37.8,1.6,21.3,25.2,40.1,9.4,0.8,1.6,1.6,0,0,0,54.4,4,41.6,47.6,4.8,47.6,51.2,20.8,28,12.7,11.9,32.5,25.4,7.9,4,5.6,8.7,15.7,42.5,22,17.3,6.3,10.2,0.8,29.6,35.2,34.4,20.8,59.2,20,15,53.5,11.8,6.3,11,22,2.4,11.8,11,27.6,15.7,18.1,26,30.4,2.4,NA,NA,NA,NA,NA,NA,-7.2,59,-37.6,-42.8,NA,41.2125,28.45,27.15,79.5,27.8,30.4,NA,2009 - Q4,-1.76,-0.45
70,2010-03-31,2010.01,93.40468,91.51814027,2.061383372,67.1,28.8,4.1,11,5.5,53.4,15.1,6.8,5.5,0,1.4,1.4,0,66.7,8.7,24.6,61.6,11,27.4,50.7,17.8,31.5,12.3,13.7,32.9,24.7,6.8,6.8,2.7,5.5,4.1,53.4,20.5,11,4.1,2.7,2.9,18.6,41.4,37.1,15.7,67.1,17.1,21.9,58.9,12.3,5.5,12.3,17.8,0,6.8,15.1,23.3,13.7,9.6,30.1,21.5,2.7,NA,NA,NA,NA,NA,NA,-13.7,63,-15.9,-16.4,NA,45.325,33.26666667,23.95,81.5,39.5,36.35,NA,2010 - Q1,1.72,5.57
71,2010-06-30,2010.02,92.88203,91.51814027,1.490294407,51.6,45.3,3.1,10.9,23.4,43.7,12.5,6.3,0,1.6,1.6,0,0,42.2,6.3,51.5,50,7.8,42.2,60.9,15.6,23.5,7.8,15.6,42.2,26.6,3.1,1.6,3.1,4.7,9.4,43.8,28.1,7.8,6.3,7.8,1.6,22.2,44.4,31.8,23.8,61.9,14.3,25,56.3,15.6,3.1,15.6,18.8,6.3,12.5,10.9,21.9,18.8,18.8,25,23.8,3.1,NA,NA,NA,NA,NA,NA,-7.9,48.5,-45.2,-34.4,NA,40.825,29.68333333,19.5,74.25,31.3,38.25,NA,2010 - Q2,3.39,6.76
72,2010-09-30,2010.03,99.55202,91.51814027,8.778456054,35.4,52.1,12.5,10.2,32.7,40.8,10.2,2,4.1,0,0,0,0,44.9,8.2,46.9,36.7,16.3,46.9,65.3,16.3,18.4,16.3,20.4,38.8,16.3,2,4.1,2,4.1,10.2,55.1,26.5,12.2,2,6.1,2,32.7,44.9,20.4,28.6,51,20.4,22.4,49,8.2,10.2,22.4,18.4,0,6.1,28.6,8.2,8.2,14.3,22.4,34.7,0,NA,NA,NA,NA,NA,NA,-2.1,22.9,-38.7,-30.6,NA,40.35,33.31666667,24.45,61.45,26.55,48.95,NA,2010 - Q3,3.65,6.22
73,2010-12-31,2010.04,106.99353,91.51814027,16.90964183,51.4,37.5,11.1,6.9,22.2,48.6,16.7,4.2,1.4,0,0,0,0,55.1,5.8,39.1,61.1,6.9,32,66.2,9.9,23.9,15.3,19.4,40.3,12.5,4.2,4.2,4.2,2.8,8.3,36.1,43.1,5.6,6.9,5.6,2.9,41.4,35.7,20,27.1,58.6,14.3,11.1,36.1,6.9,4.2,16.7,13.9,4.2,5.6,19.4,20.8,4.2,16.7,26.4,44.3,1.4,NA,NA,NA,NA,NA,NA,-14,40.3,-33.3,-25.1,NA,41.0125,31.3,17.55,70.15,36.35,40,NA,2010 - Q4,3.6,5.58
74,2011-03-31,2011.01,103.758087,91.51814027,13.37433944,40.6,46.4,13,2.9,8.7,40.6,40.6,4.4,0,1.4,1.4,0,0,58.8,11.8,29.4,58,18.8,23.2,65.2,14.5,20.3,20.3,17.4,29,18.8,5.8,2.9,5.8,8.7,8.7,43.5,37.7,7.2,14.5,5.8,1.5,36.8,42.6,19.1,16.2,58.8,25,15.9,34.8,13,5.8,18.8,8.7,1.4,7.2,27.5,18.8,11.6,18.8,34.8,38.3,0,NA,NA,NA,NA,NA,NA,-5.8,27.6,-17.6,-4.4,NA,45.1625,38.95,24.65,63.8,40.8,51.4,NA,2011 - Q1,3.14,5.71
75,2011-06-30,2011.02,101.294174,91.51814027,10.6820721,30.9,52.1,17,2.1,9.6,42.6,34,7.4,3.2,0,0,0,1.2,46.2,9.7,44.1,47.9,11.7,40.4,55.3,11.7,33,9.6,16,41.5,21.3,5.3,3.2,3.2,6.4,11.7,48.9,35.1,13.8,2.1,5.3,6.5,37.6,38.7,17.2,18.1,64.9,17,13.8,44.7,11.7,12.8,28.7,10.6,2.1,4.3,29.8,21.3,7.4,16,17,44.1,1.1,NA,NA,NA,NA,NA,NA,-21.3,13.9,-34.4,-28.7,NA,36.6125,29.83333333,16.5,56.95,33.65,39.35,NA,2011 - Q2,2.8,6.45
76,2011-09-30,2011.03,90.49278,91.51814027,-1.120390199,12.7,52.4,34.9,9.5,19,55.6,11.1,4.8,0,0,0,0,0,36.5,19,42.9,38.1,27,34.9,52.4,20.6,27,14.3,19,36.5,11.1,7.9,7.9,3.2,4.8,14.3,34.9,34.9,19,9.5,6.3,9.5,28.6,38.1,23.8,12.9,50,37.1,20.6,47.6,15.9,9.5,25.4,12.7,0,3.2,31.7,27,14.3,11.1,23.8,38.1,0,NA,NA,NA,NA,NA,NA,-6.4,-22.2,-23.9,-7.9,NA,39.475,39.66666667,27.75,38.9,38.05,53.2,NA,2011 - Q3,3.49,7.23
77,2011-12-31,2011.04,96.98855,91.51814027,5.977404818,19,58.6,22.4,5.2,19,48.3,19,1.7,6.9,0,0,0,0,37.9,10.3,51.7,39.7,13.8,46.6,63.8,17.2,19,17.2,13.8,29.3,20.7,6.9,5.2,6.9,1.7,10.3,37.9,37.9,22.4,12.1,6.9,3.4,34.5,39.7,22.4,19,58.6,22.4,15.5,36.2,13.8,13.8,22.4,15.5,0,10.3,36.2,19,6.9,13.8,20.7,37.9,3.4,NA,NA,NA,NA,NA,NA,-1.8,-3.4,-41.4,-32.8,NA,37.4875,33.88333333,25.8,48.3,30.15,45.7,NA,2011 - Q4,3.15,6.53
78,2012-03-31,2012.01,99.50224,91.51814027,8.724062467,43.7,47.1,8.9,6.8,14.7,43.3,26.6,5.1,2,1,0,0,0.3,50.9,7.5,40.6,48.8,11.3,40.3,54.3,18.8,27,10.4,16.7,37.4,21.9,5.9,4.1,3.7,7.2,13.7,43.3,29.4,14.3,6.5,4.4,8.1,32.9,38.5,20.1,17.4,62.4,19.5,10.2,35.2,15,9.9,31.4,14.3,3.1,5.5,29.7,20.8,17.4,13.7,18.8,41,1,NA,NA,NA,NA,NA,NA,-8.2,34.8,-33.1,-29,NA,40.4,31.45,24,67.25,31.9,38.45,NA,2012 - Q1,2.44,4.44
79,2012-06-30,2012.02,95.56994,91.51814027,4.427318686,23,53,24,12,20,59,7,1,1,0,0,0,0,53,10,37,49,18,33,50,21,29,10.4,17.7,34.3,20.8,6.3,4.2,6.3,10,11,45,30,11,8,8,5,34,33,27,14.4,62.8,22.6,14,44,20,5,21,18,0,6,33,26,13,18,18,39,2,NA,NA,NA,NA,NA,NA,-8,-1,-27,-15,NA,38.3,34.56666667,26.2,49.5,34.5,43,NA,2012 - Q2,2.58,3.36
80,2012-09-30,2012.03,90.14435,91.51814027,-1.501112534,14.9,67.6,17.6,12.2,18.9,51.4,13.5,0,4.1,0,0,0,0,50,13.5,36.5,47.3,13.5,39.2,48.6,24.3,27,17.6,7.4,39.7,16.2,5.9,5.9,7.4,13.5,9.5,32.4,35.1,14.9,5.4,12.2,9.5,23,33.8,31.1,12.2,59.5,27,25.7,47.3,6.8,5.4,20.3,21.6,0,13.5,24.3,16.2,9.5,14.9,18.9,32.5,0,NA,NA,NA,NA,NA,NA,-2.7,-2.7,-23,-25.7,NA,39.1875,36.01666667,33.1,48.7,37.15,37.8,NA,2012 - Q3,1.32,2.51
81,2012-12-31,2012.04,95.29617,91.51814027,4.128175807,24.8,58.1,17.1,12,29.9,42.7,11.1,2.6,0.9,0.9,0,0,0,43.6,12,44.4,37.6,16.2,46.2,48.7,18.8,32.5,8.3,11.1,40,20.4,9.3,8.3,4.6,5.1,7.7,36.8,35,23.1,12,12,4.3,33.3,46.2,16.2,20.7,63.1,16.2,13.7,35,5.1,7.7,22.2,18.8,0.9,14.5,23.9,21.4,4.3,18.8,12,37.6,1.7,NA,NA,NA,NA,NA,NA,-13.7,7.7,-32.4,-30,NA,37.0375,31.43333333,22.95,53.85,30.8,40.55,NA,2012 - Q4,0.74,1.73
82,2013-03-31,2013.01,89.19861,91.51814027,-2.534503288,26.9,48,24.4,11.8,29.4,47.1,6.7,3.4,0.8,0.8,0,0,0.8,46.2,13.4,40.3,45.4,14.3,40.3,47.1,23.5,29.4,8.1,12.6,36,20.7,7.2,8.1,7.2,7.6,12.6,52.1,34.5,16,7.6,5.9,5.1,23.9,45.3,27,9.5,61.2,29.3,16.8,43.7,11.8,5,25.2,19.3,0.8,13.4,32.8,25.2,10.9,14.3,9.2,29,5,NA,NA,NA,NA,NA,NA,-5.9,2.5,-26.9,-26,NA,38.1,33.83333333,27.55,50.9,36.1,37.85,NA,2013 - Q1,1.57,3.4
83,2013-06-30,2013.02,99.22847,91.51814027,8.424919587,36.8,57.9,5.3,9.6,27.2,50.9,7,1.8,2.6,0.9,0,0,0,48.2,6.1,45.6,44.7,13.2,42.1,50.9,17.5,31.6,6.7,11.5,43.3,19.2,8.7,4.8,5.8,6.1,7,49.1,33.3,17.5,6.1,6.1,5.4,31.2,50,13.4,13.4,64.5,22.1,15.8,43.9,8.8,13.2,20.2,21.1,0.9,14,17.5,21.1,14,14,7,36.6,7,NA,NA,NA,NA,NA,NA,-14.1,31.5,-39.5,-28.9,NA,38.425,29.31666667,20.85,65.75,28.45,38.65,NA,2013 - Q2,1.83,3.72
84,2013-09-30,2013.03,98.73071,91.51814027,7.881027416,29.1,61.7,9.2,8.5,25.5,56.7,7.8,1.4,0,0,0,0,0,43.3,9.2,47.5,46.8,12.8,40.4,51.1,16.3,32.6,8.5,12.4,43.4,20.2,9.3,2.3,3.9,12.1,8.5,46.8,24.8,17.7,17,9.2,5.1,36.7,44.1,14,14.8,61.5,23.7,13.5,41.8,10.6,5,23.4,14.9,2.8,15.6,27,29.8,9.9,19.1,7.8,41.8,9.9,NA,NA,NA,NA,NA,NA,-16.3,19.9,-38.3,-27.6,NA,37.8625,30.5,20.55,59.95,32.6,38.35,NA,2013 - Q3,2.52,4.47
85,2013-12-31,2013.04,100,91.51814027,9.267954638,43.9,50,6.1,9.6,28.9,42.1,14,4.4,0,0,0,0,0.9,62.3,5.3,32.5,57,11.4,31.6,51.8,19.3,28.9,12.5,14.3,41,17.9,6.2,4.5,3.6,3.5,7.9,52.6,31.6,21.1,10.5,6.1,5.3,26.3,49.1,19.3,12.6,64.9,22.5,20.2,33.3,13.2,4.4,21.1,15.8,3.5,20.2,25.4,19.3,14,15.8,5.3,31.6,7,NA,NA,NA,NA,NA,NA,-9.6,37.8,-27.2,-20.2,NA,41.3875,32.21666667,25.55,68.9,33.8,37.3,NA,2013 - Q4,3.38,4.83
86,2014-03-31,2014.01,100.671974,91.51814027,10.00220688,44.1,51.7,4.2,12.6,28.7,42.7,13.3,0,0.7,0,0.7,0,1.4,60.8,7,32.2,60.1,11.2,28.7,53.1,18.2,28.7,7.3,13.9,34.3,22.6,7.3,5.1,4.4,7.7,11.9,49,34.3,16.8,7,10.5,7.9,30.9,38.1,23,13.6,66.7,19.7,17.5,37.8,13.3,7,23.8,9.1,2.8,10.5,25.2,23.1,7.7,19.6,0,38.8,17.5,NA,NA,NA,NA,NA,NA,-10.5,39.9,-25.2,-17.5,NA,41.65,32.21666667,21.85,69.95,37.05,37.75,NA,2014 - Q1,2.63,4.61
87,2014-06-30,2014.02,102.463913,91.51814027,11.96022198,38,60.2,1.9,10.2,22.2,52.8,11.1,1.9,1.9,0,0,0,0,52.8,12,35.2,46.3,13,40.7,57.4,15.7,26.9,7.1,15.2,45.5,20.2,5,4,3,8.3,11.1,51.9,34.3,20.4,8.3,6.5,2.8,40.6,42.5,14.2,8.7,67,24.3,11.1,38,19.4,14.8,26.9,12,1.9,13,25.9,21.3,16.7,23.1,4.6,43.4,16.7,NA,NA,NA,NA,NA,NA,-11.2,36.1,-23.2,-27.7,NA,41.05,32.03333333,19.25,68.1,35.15,41.7,NA,2014 - Q2,2.97,5.4
88,2014-09-30,2014.03,102.0657,91.51814027,11.52510278,39.5,59.3,1.2,7.4,23.5,58,7.4,2.5,1.2,0,0,0,0,53.1,6.2,40.7,48.1,9.9,42,53.1,13.6,33.3,9.2,7.9,47.4,19.7,10.5,3.9,1.3,6.2,8.6,40.7,40.7,18.5,14.8,8.6,7.5,28.7,51.2,12.5,8.7,73.7,17.5,14.8,28.4,19.8,8.6,27.2,16,1.2,17.3,38.3,24.7,14.8,22.2,3.7,36.2,3.7,NA,NA,NA,NA,NA,NA,-19.7,38.3,-34.5,-32.1,NA,38.5125,28.3,18.2,69.15,30.25,36.45,NA,2014 - Q3,3.12,5.3
89,2014-12-31,2014.04,94.79841,91.51814027,3.584283636,24.5,50,25.5,7.1,28.6,52,11.2,0,1,0,0,0,0,42.9,15.3,41.8,42.9,19.4,37.8,46.9,25.5,27.6,7.8,8.9,38.9,22.2,10,7.8,4.4,11.2,13.3,37.8,32.7,16.3,15.3,7.1,3.1,41.2,43.3,12.4,11.7,66,22.3,4.1,25.5,13.3,6.1,26.5,13.3,0,22.4,34.7,21.4,11.2,20.4,1,44.3,16.3,NA,NA,NA,NA,NA,NA,-2.1,-1,-26.5,-18.4,NA,39.625,36.33333333,29.4,49.5,36.75,42.85,NA,2014 - Q4,2.75,4.18
90,2015-03-31,2015.01,84.51966,91.51814027,-7.647096251,18.2,52.3,29.5,4.5,31.8,40.9,14.8,3.4,3.4,0,0,0,1.1,29.5,21.6,48.9,29.5,28.4,42,47.7,27.3,25,9.6,14.5,30.1,22.9,8.4,6,8.4,3.4,4.5,44.3,36.4,15.9,14.8,6.8,4.5,25,52.3,18.2,4.8,69.9,25.3,10.2,42,14.8,14.8,20.5,11.4,0,25,23.9,27.3,8,19.3,3.4,29.5,23.9,NA,NA,NA,NA,NA,NA,2.3,-11.3,-27.3,-13.6,NA,41.2625,40.23333333,32.1,44.35,36.35,52.25,NA,2015 - Q1,2.02,1.06
91,2015-06-30,2015.02,103.160774,91.51814027,12.72166774,22.6,66.1,11.3,14.5,22.6,56.5,3.2,3.2,0,0,0,0,0,50,4.8,45.2,45.2,17.7,37.1,56.5,12.9,30.6,6.9,8.6,48.3,22.4,1.7,5.2,6.9,8.1,4.8,41.9,30.6,21,19.4,6.5,4.8,40.3,35.5,19.4,10,68.3,21.7,12.9,38.7,14.5,12.9,22.6,9.7,0,14.5,27.4,27.4,6.5,19.4,0,45.1,25.8,NA,NA,NA,NA,NA,NA,-17.7,11.3,-40.4,-19.4,NA,36.3375,29.9,16.35,55.65,27.4,45.95,NA,2015 - Q2,0.82,-0.18
92,2015-09-30,2015.03,86.06272,91.51814027,-5.96102615,17.9,60,22.1,20,27.4,31.6,14.7,0,5.3,1.1,0,0,0,27.4,14.7,57.9,28.4,18.9,52.6,42.1,33.7,24.2,3.3,12.2,37.8,16.7,21.1,4.4,4.4,6.3,10.5,40,30.5,25.3,15.8,6.3,4.3,38.7,38.7,18.3,10,51.1,38.9,17.9,37.9,6.3,15.8,18.9,13.7,3.2,28.4,20,27.4,11.6,13.7,0,43,25.3,NA,NA,NA,NA,NA,NA,9.5,-4.2,-43.2,-33.7,NA,38.025,34.73333333,35.35,47.9,28.9,39.95,NA,2015 - Q3,0.22,-0.64
93,2015-12-31,2015.04,84.59432,91.51814027,-7.565516796,14.1,42.3,43.7,8.5,19.7,26.8,25.4,7,9.9,2.8,0,0,0,29.6,19.7,50.7,31,31,38,35.2,31,33.8,3.1,12.5,32.8,25,9.4,6.3,10.9,5.6,15.5,45.1,22.5,26.8,18.3,11.3,1.5,41.4,40,17.1,9,58.2,32.8,9.9,40.8,11.3,18.3,22.5,8.5,0,26.8,19.7,18.3,19.7,19.7,1.4,42.9,36.6,NA,NA,NA,NA,NA,NA,-2.8,-29.6,-31,-7,NA,37.9,38.78333333,32.55,35.25,35.2,48.6,NA,2015 - Q4,-0.39,-1.11
94,2016-03-31,2016.01,84.11648,91.51814027,-8.087642791,28.74,62.07,9.2,8.05,35.63,39.08,14.94,0,2.3,0,0,0,0,28.74,17.24,54.02,26.44,22.99,50.57,43.68,20.69,35.63,7.5,7.5,38.75,26.25,8.75,5,6.25,5.75,6.9,41.38,24.14,26.44,8.05,5.75,5.81,24.42,43.02,26.74,11.9,55.95,32.14,16.09,44.83,10.34,5.75,17.24,16.09,0,21.84,22.99,26.44,17.24,10.34,2.3,30.23,21.84,NA,NA,NA,NA,NA,NA,-14.94,19.54,-36.78,-27.58,NA,39.87625,33.24333333,24.44,59.775,30.46,44.83,NA,2016 - Q1,0.7,0.71
95,2016-06-30,2016.02,95.58736,91.51814027,4.446353164,27.87,57.38,14.75,6.56,29.51,44.26,16.39,1.64,1.64,0,0,0,0,36.07,11.48,52.46,34.43,21.31,44.26,47.54,16.39,36.07,0,10.91,41.82,29.09,3.64,5.45,9.09,6.56,13.11,39.34,24.59,26.23,9.84,9.84,8.33,40,31.67,20,8.77,66.67,24.56,14.75,44.26,9.84,4.92,14.75,11.48,0,19.67,24.59,31.15,19.67,11.48,4.92,48.33,18.03,NA,NA,NA,NA,NA,NA,-19.68,13.12,-40.98,-22.95,NA,36.68125,30.055,16.39,56.56,28.695,45.08,NA,2016 - Q2,0.48,0.87
96,2016-09-30,2016.03,92.63315,91.51814027,1.218348321,25.8,55.9,18.3,10.8,29.6,39.9,11.3,3.8,2.8,0.5,0,0.5,0.9,51.6,11.7,36.6,48.4,15,36.6,44.6,20.7,34.7,15.2,18.7,27.8,18.2,9.6,4,6.6,9.4,10.8,38,31,19.2,10.8,13.1,5.9,30.9,34.8,28.4,10.9,52.5,36.6,10.3,40.4,10.8,11.3,22.5,20.2,0,14.6,23.9,41.3,21.6,19.2,1.4,36.8,19.2,16,NA,NA,NA,NA,NA,-14,7.5,-24.9,-21.6,NA,38.8125,33.83333333,28.3,53.75,35.9,37.3,NA,2016 - Q3,1.16,1.73
97,2016-12-31,2016.04,95.54504,91.51814027,4.400110966,27.1,56.1,16.8,7.7,21.9,47.7,13.5,4.5,3.2,0,0,0,1.3,51.6,8.4,40,49,12.9,38.1,45.2,19.4,35.5,11.8,12.5,39.6,25,6.3,2.8,2.1,5.8,7.1,42.6,29.7,21.9,11,11.6,7.1,31.8,37,24,12.2,66,21.8,12.9,36.8,7.1,14.8,18.1,16.8,0,21.9,23.9,47.1,32.3,19.4,0.6,38.9,18.7,22.6,NA,NA,NA,NA,NA,-16.1,10.3,-31.6,-25.2,NA,37.2125,31.23333333,25.3,55.15,32.9,35.5,NA,2016 - Q4,1.65,3.74
98,2017-03-31,2017.01,96.24191,91.51814027,5.161566561,33,56.5,10.4,8.7,25.2,45.2,12.2,2.6,6.1,0,0,0,0,47.8,9.6,42.6,45.2,14.8,40,48.7,21.7,29.6,9.3,14,43,19.6,8.4,2.8,2.8,9.6,7,43.5,27,17.4,11.3,7.8,4.5,40.2,32.1,23.2,11.9,68.8,19.3,8.7,39.1,7,12.2,14.8,5.2,0,15.7,21.7,46.1,21.7,22.6,0.9,44.7,14.8,18.3,NA,NA,NA,NA,NA,-7.9,22.6,-33,-25.2,NA,39.7375,32.56666667,26.35,61.25,32.2,39.15,NA,2017 - Q1,2.2,5.48
99,2017-06-30,2017.02,101.791939,91.51814027,11.22596973,46,45,9,9,33,39,11,2,6,0,0,0,0,62,5,33,60,7,33,53,15,32,13.8,19.5,40.2,18.4,3.4,2.3,2.3,9,7,38,27,18,11,12,10,29,36,25,19.8,67.7,12.5,10,28,13,6,29,16,0,17,17,48,25,17,12,39,9,14,NA,NA,NA,NA,NA,-17,37,-28,-26,NA,39.725,30.13333333,21.9,68.5,35,33.5,NA,2017 - Q2,3.75,6.39
100,2017-09-30,2017.03,97.03086,91.51814027,6.023636089,34.06,42.75,23.19,9.42,16.67,51.45,13.77,5.07,2.9,0,0.72,0,0,58.7,10.14,31.16,52.9,14.49,32.61,46.38,25.36,28.26,10.14,14.49,35.51,26.09,4.35,2.9,6.52,8.7,10.87,36.96,31.16,20.29,10.87,10.14,7.97,32.61,39.13,20.29,10.87,68.84,20.29,7.97,30.43,10.14,9.42,30.43,13.04,8.7,15.22,30.43,65.22,38.41,19.57,10.87,40.58,9.42,15.22,NA,NA,NA,NA,NA,-2.9,10.87,-21.02,-18.12,NA,40.03375,34.9,30.43,55.435,36.59,37.68,NA,2017 - Q3,3.13,5.22
101,2017-12-31,2017.04,99.98756,91.51814027,9.254361704,35.09,49.12,15.79,9.36,20.47,44.44,15.79,3.51,4.09,0.58,1.17,0,0.58,53.8,9.36,36.84,45.03,13.45,41.52,52.05,16.96,30.99,15.79,12.28,33.92,23.39,7.02,4.09,3.51,10.53,7.6,45.61,28.07,16.96,13.45,9.94,8.19,34.5,36.84,20.47,17.54,64.91,17.54,8.77,21.64,12.28,5.26,32.16,18.13,7.02,10.53,35.09,47.95,30.99,21.64,4.68,42.69,8.77,13.45,NA,NA,NA,NA,NA,-14.03,19.3,-27.48,-28.07,NA,38.96375,32.06833333,24.855,59.65,31.875,39.475,NA,2017 - Q4,3.08,5.65
102,2018-03-31,2018.01,93.05874,91.51814027,1.68338181,19.25,55.28,25.47,11.8,17.39,40.99,22.36,3.11,2.48,0.62,0.62,0.62,0,45.96,11.18,42.86,46.58,16.15,37.27,34.16,21.12,44.72,9.94,11.8,37.89,27.95,4.35,1.86,6.21,4.97,8.07,40.37,36.02,20.5,12.42,8.7,8.07,37.27,35.4,19.25,16.15,65.22,18.63,4.97,29.81,9.32,12.42,34.78,13.66,7.45,11.18,40.37,50.31,32.92,29.19,0.62,45.34,14.29,14.91,NA,NA,NA,NA,NA,-23.6,-6.22,-31.68,-21.12,NA,35.17,31.26333333,26.09,46.89,34.47,33.23,NA,2018 - Q1,2.87,4.7
103,2018-06-30,2018.02,92.86212,91.51814027,1.468539157,17.2,44.09,38.71,8.6,18.28,39.78,22.58,3.23,3.23,2.15,0,1.08,1.08,48.39,10.75,40.86,41.94,13.98,44.09,34.41,21.51,44.09,7.53,20.43,33.33,21.51,7.53,9.68,0,10.75,11.83,37.63,30.11,25.81,10.75,7.53,4.3,34.41,45.16,16.13,15.05,64.52,20.43,3.23,18.28,16.13,18.28,37.63,19.35,9.68,13.98,37.63,58.06,32.26,17.2,4.3,38.71,20.43,7.53,NA,NA,NA,NA,NA,-22.58,-21.51,-30.11,-30.11,NA,31.85625,29.39333333,25.275,39.245,31.72,31.185,NA,2018 - Q2,2.62,5.17
104,2018-09-30,2018.03,93.8452,91.51814027,2.542730566,25,43.75,31.25,8.33,11.46,59.38,13.54,3.12,4.17,0,0,0,0,53.12,16.67,30.21,41.67,16.67,41.67,32.29,27.08,40.62,9.38,18.75,31.25,23.96,7.29,5.21,4.17,6.25,4.17,46.88,25,21.88,11.46,6.25,6.25,40.62,41.67,11.46,13.54,62.5,23.96,4.17,14.58,11.46,13.54,29.17,11.46,7.29,5.21,39.58,56.25,30.21,20.83,6.25,46.87,19.79,14.58,NA,NA,NA,NA,NA,-13.54,-6.25,-13.54,-25,NA,37.24125,34.03,31.77,46.875,37.505,32.815,NA,2018 - Q3,2.9,5.47
105,2018-12-31,2018.04,87.5336,91.51814027,-4.353825659,14.66,42.24,43.1,6.9,19.83,45.69,19.83,3.45,1.72,0,0,1.72,0.86,43.1,17.24,39.66,41.38,17.24,41.38,30.17,28.45,41.38,8.62,13.79,41.38,17.24,6.9,5.17,6.9,3.45,5.17,42.24,29.31,22.41,12.07,9.48,4.31,38.79,37.93,18.97,18.97,53.45,27.59,6.9,37.93,13.79,12.93,31.9,13.79,14.66,18.1,45.69,50,37.93,23.28,3.45,43.1,17.24,8.62,NA,NA,NA,NA,NA,-12.93,-28.44,-22.42,-24.14,NA,34.69875,34.33833333,32.76,35.78,37.93,32.325,NA,2018 - Q4,2.72,2.46
106,2019-03-31,2019.01,84.27078,91.51814027,-7.919042337,5.26,45.61,49.12,19.3,31.58,38.6,5.26,3.51,1.75,0,0,0,0,42.11,21.05,36.84,35.09,24.56,40.35,36.84,35.09,28.07,12.28,10.53,21.05,22.81,15.79,8.77,8.77,3.51,8.77,47.37,19.3,26.32,14.04,5.26,3.51,31.58,45.61,19.3,19.3,52.63,28.07,5.26,19.3,7.02,15.79,38.6,21.05,12.28,10.53,31.58,47.37,31.58,24.56,1.75,35.09,17.54,14.04,NA,NA,NA,NA,NA,7.02,-43.86,-15.79,-15.79,NA,37.7175,40.935,41.23,28.065,38.595,42.98,NA,2019 - Q1,1.9,2.8
107,2019-06-30,2019.02,87.52116,91.51814027,-4.367418593,10,53.33,36.67,6.67,30,53.33,5,1.67,0,1.67,0,0,1.67,38.33,13.33,48.33,38.33,15,46.67,38.33,26.67,35,5,23.33,25,26.67,10,1.67,8.33,8.33,3.33,35,38.33,26.67,8.33,10,6.67,23.33,55,15,10,68.33,21.67,6.67,23.33,15,15,21.67,23.33,5,6.67,38.33,61.67,35,21.67,1.67,30,11.67,11.67,NA,NA,NA,NA,NA,-8.33,-26.67,-35,-31.67,NA,33.12375,31.94333333,29.17,36.665,32.495,34.165,NA,2019 - Q2,2.1,3.24
108,2019-09-30,2019.03,85.9781,91.51814027,-6.053488694,8.89,48.89,42.22,13.33,24.44,46.67,13.33,0,0,2.22,0,0,0,34.09,11.36,54.55,42.22,15.56,42.22,29.55,34.09,36.36,6.67,13.33,42.22,24.44,2.22,6.67,4.44,4.44,6.67,35.56,35.56,20,20,8.89,11.36,29.55,45.45,13.64,11.11,60,28.89,4.55,40.91,15.91,6.82,31.82,22.73,0,9.09,36.36,43.18,25,18.18,6.82,40.91,6.82,4.55,NA,NA,NA,NA,NA,-2.27,-33.33,-43.19,-26.66,NA,33.39125,33.41,37.425,33.335,32.47,30.335,NA,2019 - Q3,1.78,2.81
109,2019-12-31,2019.04,86.04281,91.51814027,-5.9827814,19.61,54.9,25.49,9.8,23.53,49.02,11.76,5.88,0,0,0,0,0,46,20,34,49.02,23.53,27.45,34,28,38,11.76,9.8,35.29,33.33,3.92,3.92,1.96,5.88,17.65,41.18,23.53,25.49,7.84,5.88,5.88,27.45,47.06,19.61,10,58,32,11.76,33.33,13.73,3.92,21.57,11.76,5.88,15.69,27.45,41.18,37.25,25.49,0,33.33,7.84,13.73,NA,NA,NA,NA,NA,-10,-5.88,-14,-3.92,NA,41.495,39.64,33.88,47.06,44.51,40.53,NA,2019 - Q4,1.77,5.08
110,2020-03-31,2020.01,43.8227959,91.51814027,-52.11572726,25.22,11.3,63.48,46.49,6.14,15.79,7.89,3.51,12.28,1.75,0.88,0,5.26,17.54,68.42,14.04,17.39,69.57,13.04,17.39,60,22.61,5.26,6.14,12.28,21.05,9.65,11.4,34.21,4.55,12.73,41.82,27.27,18.18,9.09,8.18,5.22,15.65,27.83,51.3,6.14,24.56,69.3,10.09,73.39,6.42,4.59,4.59,28.44,2.75,20.18,13.76,27.52,13.76,10.09,0.92,20.87,20.18,9.17,NA,NA,NA,NA,NA,37.39,-38.26,54.38,56.53,NA,62.22,72.67,62.63,30.87,77.115,78.265,NA,2020 - Q1,-0.47,0.3
111,2020-06-30,2020.02,65.80886,91.51814027,-28.09200471,46.15,23.08,30.77,34.62,11.54,19.23,7.69,3.85,15.38,3.85,0,0,3.85,30.77,34.62,34.62,34.62,38.46,26.92,33.33,45.83,20.83,11.54,0,30.77,19.23,11.54,3.85,23.08,11.54,11.54,42.31,34.62,19.23,11.54,15.38,7.69,11.54,42.31,38.46,11.54,19.23,69.23,26.92,69.23,7.69,3.85,7.69,19.23,7.69,7.69,26.92,30.77,19.23,19.23,7.69,19.23,7.69,3.85,NA,NA,NA,NA,NA,25,15.38,0,11.54,NA,54.08625,52.885,51.6,57.69,51.93,55.125,NA,2020 - Q2,-12.21,-13.34
112,2020-09-30,2020.03,76.16724,91.51814027,-16.77361475,30.69,31.68,37.62,26.73,17.82,21.78,11.88,7.92,8.91,1.98,0,0.99,1.98,32,29,39,27.72,33.66,38.61,37,30,33,16.67,10.78,29.41,26.47,3.92,6.86,5.88,7.14,5.1,42.86,33.67,20.41,10.2,5.1,6.93,28.71,24.75,39.6,22.77,37.62,39.6,13.54,52.08,7.29,8.33,16.67,18.75,1.04,10.42,31.25,33.33,23.96,10.42,6.25,35.64,7.29,7.29,NA,NA,NA,NA,NA,-3,-6.93,-10,-4.95,NA,44.97125,44.45166667,38.335,46.53,42.86,52.16,NA,2020 - Q3,-4.65,-3.63
113,2020-12-31,2020.04,87.6008,91.51814027,-4.280397594,37.84,33.33,28.83,10.81,13.51,40.54,15.32,9.01,8.11,0.9,0,0,1.8,45.87,17.43,36.7,41.44,24.32,34.23,40.54,23.42,36.04,12.61,12.61,32.43,29.73,4.5,4.5,3.6,7.21,16.22,41.44,29.73,27.03,8.11,3.6,8.26,23.85,42.2,25.69,17.27,56.36,26.36,11.71,48.65,11.71,13.51,18.02,17.12,1.8,5.41,27.03,28.83,25.23,16.22,8.11,32.11,1.8,9.91,NA,NA,NA,60.91,NA,-12.62,9.01,-19.27,-9.91,NA,41.7425,37.48833333,29.725,54.505,38.15,44.59,NA,2020 - Q4,-2.94,-1.26
114,2021-03-31,2021.01,90.22648,91.51814027,-1.411370762,55.68,21.59,22.73,5.75,8.05,25.29,26.44,13.79,9.2,4.6,1.15,2.3,3.45,48.24,14.12,37.65,41.38,22.99,35.63,45.45,21.59,32.95,12.64,11.49,35.63,28.74,2.3,3.45,5.75,9.3,10.47,34.88,30.23,24.42,12.79,12.79,5.68,31.82,29.55,32.95,22.99,47.13,29.89,8.14,23.26,3.49,22.09,15.12,16.28,3.49,5.81,34.88,41.86,20.93,19.77,8.14,37.5,3.49,10.47,NA,NA,NA,64.77,NA,-11.36,32.95,-23.53,-12.64,NA,43.7275,36.145,27.91,66.475,34.81,45.715,NA,2021 - Q1,0.47,6.47
115,2021-06-30,2021.02,104.596817,91.51814027,14.29080255,69.77,19.77,10.47,0,6.9,14.94,37.93,18.39,13.79,4.6,0,2.3,1.15,53.49,5.81,40.7,51.16,9.3,39.53,46.51,16.28,37.21,12.94,11.76,38.82,30.59,1.18,2.35,2.35,11.9,5.95,35.71,25,33.33,7.14,8.33,7.06,50.59,27.06,15.29,28.24,56.47,15.29,1.16,16.28,4.65,29.07,31.4,10.47,0,3.49,51.16,39.53,27.91,12.79,2.33,57.65,5.81,4.65,NA,NA,NA,58.82,NA,-20.93,59.3,-34.89,-30.23,NA,41.5875,28.89833333,22.75,79.655,31.39,32.555,NA,2021 - Q2,12.13,22.88
116,2021-09-30,2021.03,85.61723,91.51814027,-6.447803962,39.84,30.08,30.08,2.37,2.37,8.3,19.76,15.42,25.69,10.28,5.14,1.19,9.49,45.28,12.6,42.13,39.15,20.93,39.92,30.2,33.33,36.47,10.16,15.62,30.47,27.73,6.25,4.69,5.08,8.27,9.45,42.13,26.77,20.87,6.3,5.91,9.38,28.91,37.89,23.83,22.66,48.83,28.52,6.4,29.6,8.8,30,46,11.2,7.2,2.4,54,39.2,31.6,13.6,4.8,38.29,5.6,12,NA,NA,NA,63.42,NA,-3.14,9.76,-29.53,-18.99,NA,40.37375,35.53833333,38.41,54.88,32.175,36.03,NA,2021 - Q3,4.33,13.06
117,2021-12-31,2021.04,83.778,91.51814027,-8.457492964,36.17,37.59,26.24,0,0.7,8.45,14.08,26.76,30.28,8.45,2.82,0.7,7.75,46.48,16.2,37.32,35.92,22.54,41.55,33.8,28.87,37.32,11.19,11.19,35.66,26.57,7.69,5.59,2.1,8.57,5,47.14,21.43,22.14,7.14,7.14,7.04,22.54,42.25,28.17,14.89,57.45,27.66,6.43,27.14,11.43,38.57,54.29,10,9.29,0,55,37.86,34.29,17.86,3.57,29.58,5.71,15,NA,NA,NA,73.24,NA,-8.45,9.93,-21.12,-19.01,NA,40.7575,36.02166667,34.465,54.965,34.16,39.44,NA,2021 - Q4,3.86,13
118,2022-03-31,2022.01,80.69686,91.51814027,-11.82419162,29.29,22.22,48.48,0,0,7.14,11.22,14.29,22.45,18.37,9.18,5.1,12.24,35.35,23.23,41.41,35.71,29.59,34.69,28.28,38.38,33.33,11.11,10.1,25.25,31.31,4.04,11.11,7.07,7.29,7.29,42.71,30.21,20.83,10.42,10.42,6.06,33.33,43.43,17.17,22.22,55.56,22.22,5.15,15.46,6.19,49.48,46.39,8.25,26.8,3.09,49.48,48.45,30.93,17.53,4.12,39.39,7.22,13.4,NA,NA,NA,65.98,NA,5.05,-19.19,-18.18,-5.1,NA,42.2875,42.91666667,43.935,40.4,41.085,43.73,NA,2022 - Q1,3.22,12.26
119,2022-06-30,2022.02,79.09159,91.51814027,-13.57823732,16.3,28.26,55.43,2.17,1.09,9.78,6.52,16.3,18.48,23.91,4.35,8.7,8.7,29.03,29.03,41.94,27.96,34.41,37.63,29.03,38.71,32.26,11.83,10.75,30.11,20.43,9.68,11.83,5.38,4.3,3.23,52.69,24.73,21.51,8.6,3.23,6.59,37.36,39.56,16.48,13.04,57.61,29.35,2.25,15.73,7.87,62.92,66.29,12.36,42.7,3.37,56.18,31.46,26.97,11.24,1.12,43.95,10.11,16.85,NA,NA,NA,67.74,NA,6.45,-39.13,-12.91,-3.22,NA,41.7475,45.52,44.625,30.43,43.01,48.925,NA,2022 - Q2,4.66,14.92
120,2022-09-30,2022.03,77.77,91.51814027,-15.02231168,12.16,28.38,59.46,1.37,6.85,6.85,5.48,19.18,30.14,12.33,9.59,2.74,5.48,27.4,27.4,45.21,20.55,36.99,42.47,19.44,38.89,41.67,10.96,9.59,20.55,34.25,12.33,6.85,5.48,8.33,2.78,37.5,27.78,29.17,9.72,5.56,11.11,36.11,37.5,15.28,13.7,57.53,28.77,6.76,32.43,5.41,48.65,58.11,16.22,41.89,1.35,47.3,29.73,31.08,16.22,1.35,47.22,18.92,13.51,NA,NA,NA,NA,NA,-2.78,-47.3,-17.81,-5.48,NA,38.77625,42.91833333,44.37,26.35,37.675,46.71,NA,2022 - Q3,3.93,11.08
121,2022-12-31,2022.04,75.7342,91.51814027,-17.2467887,19.26,39.26,41.48,1.48,1.48,7.41,15.56,31.11,25.93,10.37,1.48,0.74,4.44,26.67,25.93,47.41,22.96,34.81,42.22,21.37,34.35,44.27,9.02,12.03,30.08,30.83,6.77,6.77,4.51,4.58,9.92,49.62,28.24,22.14,8.4,8.4,4.51,31.58,44.36,19.55,6.02,70.68,23.31,5.34,31.3,3.05,37.4,51.15,8.4,53.44,1.53,46.56,38.17,35.11,12.98,3.05,36.09,9.16,9.92,NA,NA,NA,NA,NA,-9.92,-22.22,-21.48,-7.41,NA,40.16375,40.58833333,38.86,38.89,37.41,45.495,NA,NA,NA,NA
122,2023-03-31,2023.01,74.3977103,91.51814027,-18.70714366,14.13,47.83,38.04,6.38,3.19,7.45,20.21,35.11,19.15,2.13,2.13,1.06,3.19,26.6,21.28,52.13,24.47,35.11,40.43,22.34,43.62,34.04,5.32,9.57,32.98,30.85,11.7,7.45,2.13,11.96,11.96,54.35,25,20.65,7.61,5.43,6.38,30.85,40.43,22.34,10.64,57.45,31.91,6.38,36.17,4.26,40.43,57.45,12.77,54.26,1.06,41.49,37.23,32.98,15.96,1.06,37.23,11.7,12.77,21.05,6.32,72.63,NA,NA,NA,NA,NA,NA,NA,NA,NA,NA,NA,NA,NA,NA,NA,NA,NA
123,2023-06-30,2023.02,71.4883026,91.51814027,-21.88619394,16.81,43.7,39.5,3.31,2.48,17.36,28.93,27.27,17.36,0.83,0.83,0,1.65,31.67,30.83,37.5,27.27,32.23,40.5,23.53,46.22,30.25,5.79,13.22,29.75,28.1,13.22,6.61,3.31,10,6.67,42.5,27.5,29.17,8.33,5,4.13,29.75,41.32,24.79,9.92,61.98,28.1,6.61,31.4,6.61,41.32,53.72,11.57,60.33,2.48,35.54,47.93,39.67,14.88,4.96,33.88,4.96,NA,NA,NA,NA,NA,NA,NA,NA,NA,NA,NA,NA,NA,NA,NA,NA,NA,NA,NA,NA,NA
124,2023-09-30,2023.03,70.7341961,91.51814027,-22.71019069,12.81,28.57,58.62,3.96,4.46,10.89,28.71,29.7,14.85,3.47,1.98,0.5,1.49,27.36,30.35,42.29,24.14,36.45,39.41,15.84,42.08,42.08,5.42,10.34,24.63,33.5,13.79,4.43,7.88,8.67,6.12,46.94,29.08,20.41,4.59,6.12,4.48,30.35,43.78,21.39,11.11,57.58,31.31,7.58,31.31,7.58,38.89,49.49,10.61,54.04,3.03,40.4,42.93,38.38,11.11,2.02,34.83,9.09,NA,NA,NA,NA,NA,NA,NA,NA,NA,NA,,,,,,,,,,,
125,2023-12-31,2023.04,76.9437531,91.51814027,-15.92513477,24,35.43,40.57,2.27,1.14,18.18,46.59,17.05,9.09,1.14,3.41,0,1.14,30.68,20.45,48.86,23.43,30.86,45.71,25.29,39.66,35.06,5.17,13.22,29.31,27.59,9.77,8.05,6.9,8.14,10.47,43.6,29.07,19.19,8.14,6.4,6.36,30.06,40.46,23.12,10.92,62.07,27.01,5.81,34.3,8.14,27.33,48.26,13.95,52.91,5.81,40.7,43.6,39.53,12.79,0,36.42,9.3,NA,NA,NA,NA,NA,NA,NA,NA,NA,NA,,,,,,,,,,,
126,2024-03-31,2024.01,73.2827277,91.51814027,-19.92546234,22.91,35.75,41.34,NA,1.12,2.81,19.66,46.07,17.42,7.3,2.81,0.56,0,2.25,27.75,23.12,49.13,24.72,29.21,46.07,22.03,40.68,37.29,3.98,9.09,26.14,37.5,10.8,7.39,5.11,12,9.14,46.86,25.14,14.29,5.14,6.29,6.21,28.81,38.42,26.55,7.95,59.09,32.95,9.04,32.2,7.34,25.42,44.63,13.56,48.59,5.08,36.16,45.76,40.11,14.69,1.69,35.02,12.99,16.38,15.25,27.12,57.63,NA,NA,NA,NA,NA,,,,,,,,,,,
