"Week","Year","Industry","Revenue"
"Week 1","2019","FOREST PRODUCTS"," 383.60131"
"Week 1","2019","PETRO&CHEMICALS","1352.44873"
"Week 1","2019","METALS&MINERALS"," 417.86632"
"Week 1","2019","AUTOMOTIVE","  55.20192"
"Week 1","2019","COAL"," 343.94644"
"Week 1","2019","GRAIN & FERTS","1044.13454"
"Week 1","2019","INTERMODAL"," 897.17878"
"Week 1","2019","RTMs TOTAL","4494.37803"
"Week 2","2019","FOREST PRODUCTS"," 523.37027"
"Week 2","2019","PETRO&CHEMICALS","1233.94512"
"Week 2","2019","METALS&MINERALS"," 505.54881"
"Week 2","2019","AUTOMOTIVE","  65.56873"
"Week 2","2019","COAL"," 379.01766"
"Week 2","2019","GRAIN & FERTS","1200.28409"
"Week 2","2019","INTERMODAL","1227.51566"
"Week 2","2019","RTMs TOTAL","5135.25034"
"Week 3","2019","FOREST PRODUCTS"," 602.71929"
"Week 3","2019","PETRO&CHEMICALS","1156.81862"
"Week 3","2019","METALS&MINERALS"," 504.71094"
"Week 3","2019","AUTOMOTIVE","  72.08452"
"Week 3","2019","COAL"," 373.12197"
"Week 3","2019","GRAIN & FERTS","1085.57616"
"Week 3","2019","INTERMODAL","1182.62490"
"Week 3","2019","RTMs TOTAL","4977.65640"
"Week 4","2019","FOREST PRODUCTS"," 572.7211"
"Week 4","2019","PETRO&CHEMICALS"," 966.3949"
"Week 4","2019","METALS&MINERALS"," 502.3988"
"Week 4","2019","AUTOMOTIVE","  55.3530"
"Week 4","2019","COAL"," 356.0808"
"Week 4","2019","GRAIN & FERTS","1063.0187"
"Week 4","2019","INTERMODAL","1081.8904"
"Week 4","2019","RTMs TOTAL","4597.8577"
"Week 5","2019","FOREST PRODUCTS"," 533.12508"
"Week 5","2019","PETRO&CHEMICALS"," 924.73306"
"Week 5","2019","METALS&MINERALS"," 496.90404"
"Week 5","2019","AUTOMOTIVE","  53.82909"
"Week 5","2019","COAL"," 317.65358"
"Week 5","2019","GRAIN & FERTS"," 989.89115"
"Week 5","2019","INTERMODAL","1003.65075"
"Week 5","2019","RTMs TOTAL","4319.78675"
"Week 6","2019","FOREST PRODUCTS"," 473.87615"
"Week 6","2019","PETRO&CHEMICALS"," 794.28054"
"Week 6","2019","METALS&MINERALS"," 481.23505"
"Week 6","2019","AUTOMOTIVE","  66.25085"
"Week 6","2019","COAL"," 255.54304"
"Week 6","2019","GRAIN & FERTS","1038.61711"
"Week 6","2019","INTERMODAL","1001.45592"
"Week 6","2019","RTMs TOTAL","4111.25865"
"Week 7","2019","FOREST PRODUCTS"," 496.66163"
"Week 7","2019","PETRO&CHEMICALS"," 888.66355"
"Week 7","2019","METALS&MINERALS"," 423.05489"
"Week 7","2019","AUTOMOTIVE","  79.00993"
"Week 7","2019","COAL"," 296.30602"
"Week 7","2019","GRAIN & FERTS"," 890.77164"
"Week 7","2019","INTERMODAL","1002.72273"
"Week 7","2019","RTMs TOTAL","4077.19039"
"Week 8","2019","FOREST PRODUCTS"," 485.38165"
"Week 8","2019","PETRO&CHEMICALS"," 830.40644"
"Week 8","2019","METALS&MINERALS"," 527.31233"
"Week 8","2019","AUTOMOTIVE","  67.05258"
"Week 8","2019","COAL"," 332.39675"
"Week 8","2019","GRAIN & FERTS"," 937.02486"
"Week 8","2019","INTERMODAL","1028.79872"
"Week 8","2019","RTMs TOTAL","4208.37334"
"Week 9","2019","FOREST PRODUCTS"," 531.64643"
"Week 9","2019","PETRO&CHEMICALS"," 941.18801"
"Week 9","2019","METALS&MINERALS"," 468.98836"
"Week 9","2019","AUTOMOTIVE","  76.73965"
"Week 9","2019","COAL"," 342.30959"
"Week 9","2019","GRAIN & FERTS","1089.92197"
"Week 9","2019","INTERMODAL","1118.56135"
"Week 9","2019","RTMs TOTAL","4569.35536"
"Week 10","2019","FOREST PRODUCTS"," 521.06366"
"Week 10","2019","PETRO&CHEMICALS"," 887.74848"
"Week 10","2019","METALS&MINERALS"," 565.55980"
"Week 10","2019","AUTOMOTIVE","  80.96559"
"Week 10","2019","COAL"," 332.81168"
"Week 10","2019","GRAIN & FERTS"," 987.37704"
"Week 10","2019","INTERMODAL","1090.97546"
"Week 10","2019","RTMs TOTAL","4466.50171"
"Week 11","2019","FOREST PRODUCTS"," 543.60862"
"Week 11","2019","PETRO&CHEMICALS"," 975.71866"
"Week 11","2019","METALS&MINERALS"," 504.50184"
"Week 11","2019","AUTOMOTIVE","  82.12055"
"Week 11","2019","COAL"," 282.14816"
"Week 11","2019","GRAIN & FERTS","1253.34875"
"Week 11","2019","INTERMODAL","1140.48457"
"Week 11","2019","RTMs TOTAL","4781.93114"
"Week 12","2019","FOREST PRODUCTS"," 590.0192"
"Week 12","2019","PETRO&CHEMICALS"," 995.0357"
"Week 12","2019","METALS&MINERALS"," 589.7524"
"Week 12","2019","AUTOMOTIVE","  88.3265"
"Week 12","2019","COAL"," 367.8080"
"Week 12","2019","GRAIN & FERTS","1112.8376"
"Week 12","2019","INTERMODAL","1084.3465"
"Week 12","2019","RTMs TOTAL","4828.1260"
"Week 13","2019","FOREST PRODUCTS"," 605.33641"
"Week 13","2019","PETRO&CHEMICALS","1023.34395"
"Week 13","2019","METALS&MINERALS"," 615.33787"
"Week 13","2019","AUTOMOTIVE","  83.26072"
"Week 13","2019","COAL"," 331.28129"
"Week 13","2019","GRAIN & FERTS","1245.48817"
"Week 13","2019","INTERMODAL","1144.82898"
"Week 13","2019","RTMs TOTAL","5048.87738"
"Week 14","2019","FOREST PRODUCTS"," 620.35588"
"Week 14","2019","PETRO&CHEMICALS","1005.80113"
"Week 14","2019","METALS&MINERALS"," 558.15876"
"Week 14","2019","AUTOMOTIVE","  91.60227"
"Week 14","2019","COAL"," 360.71872"
"Week 14","2019","GRAIN & FERTS","1326.70457"
"Week 14","2019","INTERMODAL","1132.22594"
"Week 14","2019","RTMs TOTAL","5095.56727"
"Week 15","2019","FOREST PRODUCTS"," 623.98956"
"Week 15","2019","PETRO&CHEMICALS","1003.39513"
"Week 15","2019","METALS&MINERALS"," 431.05201"
"Week 15","2019","AUTOMOTIVE","  91.66376"
"Week 15","2019","COAL"," 378.82487"
"Week 15","2019","GRAIN & FERTS","1367.71519"
"Week 15","2019","INTERMODAL","1236.54164"
"Week 15","2019","RTMs TOTAL","5133.18216"
"Week 16","2019","FOREST PRODUCTS"," 575.1523"
"Week 16","2019","PETRO&CHEMICALS"," 948.5770"
"Week 16","2019","METALS&MINERALS"," 528.6866"
"Week 16","2019","AUTOMOTIVE","  82.0952"
"Week 16","2019","COAL"," 357.5457"
"Week 16","2019","GRAIN & FERTS","1292.0154"
"Week 16","2019","INTERMODAL","1085.8546"
"Week 16","2019","RTMs TOTAL","4869.9267"
"Week 17","2019","FOREST PRODUCTS"," 598.28624"
"Week 17","2019","PETRO&CHEMICALS","1076.14291"
"Week 17","2019","METALS&MINERALS"," 453.05661"
"Week 17","2019","AUTOMOTIVE","  82.38914"
"Week 17","2019","COAL"," 364.41127"
"Week 17","2019","GRAIN & FERTS","1292.68134"
"Week 17","2019","INTERMODAL","1140.17300"
"Week 17","2019","RTMs TOTAL","5007.14053"
"Week 18","2019","FOREST PRODUCTS"," 559.33107"
"Week 18","2019","PETRO&CHEMICALS","1073.25899"
"Week 18","2019","METALS&MINERALS"," 492.61365"
"Week 18","2019","AUTOMOTIVE","  93.83141"
"Week 18","2019","COAL"," 402.38784"
"Week 18","2019","GRAIN & FERTS","1311.03588"
"Week 18","2019","INTERMODAL","1208.25743"
"Week 18","2019","RTMs TOTAL","5140.71627"
"Week 19","2019","FOREST PRODUCTS"," 575.36401"
"Week 19","2019","PETRO&CHEMICALS","1112.74098"
"Week 19","2019","METALS&MINERALS"," 472.59441"
"Week 19","2019","AUTOMOTIVE","  84.28234"
"Week 19","2019","COAL"," 355.00071"
"Week 19","2019","GRAIN & FERTS","1024.31085"
"Week 19","2019","INTERMODAL","1115.22091"
"Week 19","2019","RTMs TOTAL","4739.51421"
"Week 20","2019","FOREST PRODUCTS"," 563.46354"
"Week 20","2019","PETRO&CHEMICALS","1154.48633"
"Week 20","2019","METALS&MINERALS"," 482.39000"
"Week 20","2019","AUTOMOTIVE","  82.35059"
"Week 20","2019","COAL"," 400.60105"
"Week 20","2019","GRAIN & FERTS","1112.59693"
"Week 20","2019","INTERMODAL","1163.63648"
"Week 20","2019","RTMs TOTAL","4959.52492"
"Week 21","2019","FOREST PRODUCTS"," 511.54176"
"Week 21","2019","PETRO&CHEMICALS","1207.35009"
"Week 21","2019","METALS&MINERALS"," 538.36570"
"Week 21","2019","AUTOMOTIVE","  82.67613"
"Week 21","2019","COAL"," 364.95821"
"Week 21","2019","GRAIN & FERTS"," 934.44659"
"Week 21","2019","INTERMODAL","1087.87956"
"Week 21","2019","RTMs TOTAL","4727.21804"
"Week 22","2019","FOREST PRODUCTS"," 513.78142"
"Week 22","2019","PETRO&CHEMICALS","1082.89067"
"Week 22","2019","METALS&MINERALS"," 515.82314"
"Week 22","2019","AUTOMOTIVE","  72.83812"
"Week 22","2019","COAL"," 345.95558"
"Week 22","2019","GRAIN & FERTS"," 972.16871"
"Week 22","2019","INTERMODAL","1143.98101"
"Week 22","2019","RTMs TOTAL","4647.43864"
"Week 23","2019","FOREST PRODUCTS"," 527.16050"
"Week 23","2019","PETRO&CHEMICALS","1173.04833"
"Week 23","2019","METALS&MINERALS"," 565.10957"
"Week 23","2019","AUTOMOTIVE","  79.94275"
"Week 23","2019","COAL"," 399.94280"
"Week 23","2019","GRAIN & FERTS","1027.53127"
"Week 23","2019","INTERMODAL","1191.91026"
"Week 23","2019","RTMs TOTAL","4964.64548"
"Week 24","2019","FOREST PRODUCTS"," 533.19919"
"Week 24","2019","PETRO&CHEMICALS","1177.25313"
"Week 24","2019","METALS&MINERALS"," 576.36559"
"Week 24","2019","AUTOMOTIVE","  86.32055"
"Week 24","2019","COAL"," 340.79904"
"Week 24","2019","GRAIN & FERTS","1144.94184"
"Week 24","2019","INTERMODAL","1150.75111"
"Week 24","2019","RTMs TOTAL","5009.63046"
"Week 25","2019","FOREST PRODUCTS"," 558.57322"
"Week 25","2019","PETRO&CHEMICALS","1150.05565"
"Week 25","2019","METALS&MINERALS"," 562.49540"
"Week 25","2019","AUTOMOTIVE","  84.65125"
"Week 25","2019","COAL"," 287.36922"
"Week 25","2019","GRAIN & FERTS","1020.72206"
"Week 25","2019","INTERMODAL","1127.46818"
"Week 25","2019","RTMs TOTAL","4791.33497"
"Week 26","2019","FOREST PRODUCTS"," 515.68401"
"Week 26","2019","PETRO&CHEMICALS","1175.69729"
"Week 26","2019","METALS&MINERALS"," 645.95371"
"Week 26","2019","AUTOMOTIVE","  80.47482"
"Week 26","2019","COAL"," 321.41554"
"Week 26","2019","GRAIN & FERTS","1275.46681"
"Week 26","2019","INTERMODAL","1205.19715"
"Week 26","2019","RTMs TOTAL","5219.88933"
"Week 27","2019","FOREST PRODUCTS"," 454.76540"
"Week 27","2019","PETRO&CHEMICALS","1143.15303"
"Week 27","2019","METALS&MINERALS"," 578.45869"
"Week 27","2019","AUTOMOTIVE","  62.63136"
"Week 27","2019","COAL"," 339.61941"
"Week 27","2019","GRAIN & FERTS"," 895.26254"
"Week 27","2019","INTERMODAL","1097.00845"
"Week 27","2019","RTMs TOTAL","4570.89888"
"Week 28","2019","FOREST PRODUCTS"," 513.96999"
"Week 28","2019","PETRO&CHEMICALS","1169.33178"
"Week 28","2019","METALS&MINERALS"," 553.65103"
"Week 28","2019","AUTOMOTIVE","  68.23026"
"Week 28","2019","COAL"," 294.99262"
"Week 28","2019","GRAIN & FERTS","1124.59679"
"Week 28","2019","INTERMODAL","1196.00235"
"Week 28","2019","RTMs TOTAL","4920.77482"
"Week 29","2019","FOREST PRODUCTS"," 497.49146"
"Week 29","2019","PETRO&CHEMICALS","1140.06840"
"Week 29","2019","METALS&MINERALS"," 542.90534"
"Week 29","2019","AUTOMOTIVE","  70.38666"
"Week 29","2019","COAL"," 377.46212"
"Week 29","2019","GRAIN & FERTS"," 978.87674"
"Week 29","2019","INTERMODAL","1133.78317"
"Week 29","2019","RTMs TOTAL","4740.97389"
"Week 30","2019","FOREST PRODUCTS"," 538.76783"
"Week 30","2019","PETRO&CHEMICALS","1077.67576"
"Week 30","2019","METALS&MINERALS"," 536.23438"
"Week 30","2019","AUTOMOTIVE","  83.61444"
"Week 30","2019","COAL"," 398.22668"
"Week 30","2019","GRAIN & FERTS","1022.08335"
"Week 30","2019","INTERMODAL","1136.99620"
"Week 30","2019","RTMs TOTAL","4793.59865"
"Week 31","2019","FOREST PRODUCTS"," 505.94404"
"Week 31","2019","PETRO&CHEMICALS","1003.44714"
"Week 31","2019","METALS&MINERALS"," 491.24525"
"Week 31","2019","AUTOMOTIVE","  71.69904"
"Week 31","2019","COAL"," 311.62570"
"Week 31","2019","GRAIN & FERTS"," 805.12939"
"Week 31","2019","INTERMODAL","1255.11345"
"Week 31","2019","RTMs TOTAL","4444.20400"
"Week 32","2019","FOREST PRODUCTS"," 499.57424"
"Week 32","2019","PETRO&CHEMICALS","1127.84272"
"Week 32","2019","METALS&MINERALS"," 472.73839"
"Week 32","2019","AUTOMOTIVE","  73.91441"
"Week 32","2019","COAL"," 289.78103"
"Week 32","2019","GRAIN & FERTS","1007.39917"
"Week 32","2019","INTERMODAL","1106.82308"
"Week 32","2019","RTMs TOTAL","4578.07305"
"Week 33","2019","FOREST PRODUCTS"," 527.37545"
"Week 33","2019","PETRO&CHEMICALS","1058.17493"
"Week 33","2019","METALS&MINERALS"," 478.49556"
"Week 33","2019","AUTOMOTIVE","  86.42588"
"Week 33","2019","COAL"," 345.49154"
"Week 33","2019","GRAIN & FERTS"," 834.56430"
"Week 33","2019","INTERMODAL","1238.25680"
"Week 33","2019","RTMs TOTAL","4568.78446"
"Week 34","2019","FOREST PRODUCTS"," 534.70806"
"Week 34","2019","PETRO&CHEMICALS","1086.02055"
"Week 34","2019","METALS&MINERALS"," 482.72002"
"Week 34","2019","AUTOMOTIVE","  80.73425"
"Week 34","2019","COAL"," 389.80362"
"Week 34","2019","GRAIN & FERTS","1002.06716"
"Week 34","2019","INTERMODAL","1167.79564"
"Week 34","2019","RTMs TOTAL","4743.84930"
"Week 35","2019","FOREST PRODUCTS"," 519.87009"
"Week 35","2019","PETRO&CHEMICALS","1018.16184"
"Week 35","2019","METALS&MINERALS"," 513.68269"
"Week 35","2019","AUTOMOTIVE","  79.26493"
"Week 35","2019","COAL"," 324.76519"
"Week 35","2019","GRAIN & FERTS"," 908.89482"
"Week 35","2019","INTERMODAL","1206.07993"
"Week 35","2019","RTMs TOTAL","4570.71948"
"Week 36","2019","FOREST PRODUCTS"," 499.35856"
"Week 36","2019","PETRO&CHEMICALS","1040.70791"
"Week 36","2019","METALS&MINERALS"," 431.24196"
"Week 36","2019","AUTOMOTIVE","  57.53049"
"Week 36","2019","COAL"," 396.65568"
"Week 36","2019","GRAIN & FERTS"," 946.65148"
"Week 36","2019","INTERMODAL","1023.97856"
"Week 36","2019","RTMs TOTAL","4396.12463"
"Week 37","2019","FOREST PRODUCTS"," 556.87612"
"Week 37","2019","PETRO&CHEMICALS"," 957.95855"
"Week 37","2019","METALS&MINERALS"," 398.96546"
"Week 37","2019","AUTOMOTIVE","  70.25463"
"Week 37","2019","COAL"," 307.02731"
"Week 37","2019","GRAIN & FERTS"," 928.10693"
"Week 37","2019","INTERMODAL","1214.27173"
"Week 37","2019","RTMs TOTAL","4433.46075"
"Week 38","2019","FOREST PRODUCTS"," 548.13780"
"Week 38","2019","PETRO&CHEMICALS","1125.83663"
"Week 38","2019","METALS&MINERALS"," 477.68354"
"Week 38","2019","AUTOMOTIVE","  76.10788"
"Week 38","2019","COAL"," 357.15722"
"Week 38","2019","GRAIN & FERTS"," 998.32882"
"Week 38","2019","INTERMODAL","1187.08412"
"Week 38","2019","RTMs TOTAL","4770.33601"
"Week 39","2019","FOREST PRODUCTS"," 525.99768"
"Week 39","2019","PETRO&CHEMICALS","1024.23524"
"Week 39","2019","METALS&MINERALS"," 425.05120"
"Week 39","2019","AUTOMOTIVE","  69.99496"
"Week 39","2019","COAL"," 369.49276"
"Week 39","2019","GRAIN & FERTS","1018.99775"
"Week 39","2019","INTERMODAL","1179.27586"
"Week 39","2019","RTMs TOTAL","4613.04545"
"Week 40","2019","FOREST PRODUCTS"," 514.17287"
"Week 40","2019","PETRO&CHEMICALS"," 885.20966"
"Week 40","2019","METALS&MINERALS"," 484.24609"
"Week 40","2019","AUTOMOTIVE","  65.50795"
"Week 40","2019","COAL"," 339.83544"
"Week 40","2019","GRAIN & FERTS","1221.09417"
"Week 40","2019","INTERMODAL","1196.78222"
"Week 40","2019","RTMs TOTAL","4706.84841"
"Week 41","2019","FOREST PRODUCTS"," 511.27688"
"Week 41","2019","PETRO&CHEMICALS"," 919.24208"
"Week 41","2019","METALS&MINERALS"," 361.43346"
"Week 41","2019","AUTOMOTIVE","  60.85895"
"Week 41","2019","COAL"," 417.84316"
"Week 41","2019","GRAIN & FERTS"," 977.17324"
"Week 41","2019","INTERMODAL","1174.74923"
"Week 41","2019","RTMs TOTAL","4422.57700"
"Week 42","2019","FOREST PRODUCTS"," 487.53162"
"Week 42","2019","PETRO&CHEMICALS"," 966.11278"
"Week 42","2019","METALS&MINERALS"," 403.42581"
"Week 42","2019","AUTOMOTIVE","  58.40484"
"Week 42","2019","COAL"," 341.77494"
"Week 42","2019","GRAIN & FERTS","1167.50315"
"Week 42","2019","INTERMODAL","1033.96269"
"Week 42","2019","RTMs TOTAL","4458.71582"
"Week 43","2019","FOREST PRODUCTS"," 550.35014"
"Week 43","2019","PETRO&CHEMICALS","1023.15611"
"Week 43","2019","METALS&MINERALS"," 462.77611"
"Week 43","2019","AUTOMOTIVE","  51.22213"
"Week 43","2019","COAL"," 392.68613"
"Week 43","2019","GRAIN & FERTS","1134.89124"
"Week 43","2019","INTERMODAL","1101.22224"
"Week 43","2019","RTMs TOTAL","4716.30409"
"Week 44","2019","FOREST PRODUCTS"," 551.76003"
"Week 44","2019","PETRO&CHEMICALS"," 971.97745"
"Week 44","2019","METALS&MINERALS"," 417.21526"
"Week 44","2019","AUTOMOTIVE","  58.83595"
"Week 44","2019","COAL"," 319.27890"
"Week 44","2019","GRAIN & FERTS","1048.48805"
"Week 44","2019","INTERMODAL","1042.67634"
"Week 44","2019","RTMs TOTAL","4410.23198"
"Week 45","2019","FOREST PRODUCTS"," 531.76446"
"Week 45","2019","PETRO&CHEMICALS"," 981.63268"
"Week 45","2019","METALS&MINERALS"," 377.40082"
"Week 45","2019","AUTOMOTIVE","  70.54676"
"Week 45","2019","COAL"," 290.67190"
"Week 45","2019","GRAIN & FERTS","1202.85077"
"Week 45","2019","INTERMODAL","1085.37087"
"Week 45","2019","RTMs TOTAL","4540.23828"
"Week 46","2019","FOREST PRODUCTS"," 499.83525"
"Week 46","2019","PETRO&CHEMICALS","1110.19361"
"Week 46","2019","METALS&MINERALS"," 499.56354"
"Week 46","2019","AUTOMOTIVE","  68.93921"
"Week 46","2019","COAL"," 288.35270"
"Week 46","2019","GRAIN & FERTS","1165.76458"
"Week 46","2019","INTERMODAL","1069.35805"
"Week 46","2019","RTMs TOTAL","4702.00694"
"Week 47","2019","FOREST PRODUCTS"," 310.00009"
"Week 47","2019","PETRO&CHEMICALS"," 583.69614"
"Week 47","2019","METALS&MINERALS"," 306.14912"
"Week 47","2019","AUTOMOTIVE","  41.09947"
"Week 47","2019","COAL"," 167.88045"
"Week 47","2019","GRAIN & FERTS"," 781.37356"
"Week 47","2019","INTERMODAL","1009.74798"
"Week 47","2019","RTMs TOTAL","3199.94680"
"Week 48","2019","FOREST PRODUCTS"," 313.59326"
"Week 48","2019","PETRO&CHEMICALS"," 710.26674"
"Week 48","2019","METALS&MINERALS"," 321.46431"
"Week 48","2019","AUTOMOTIVE","  36.39572"
"Week 48","2019","COAL"," 213.97458"
"Week 48","2019","GRAIN & FERTS"," 746.05612"
"Week 48","2019","INTERMODAL","1061.39973"
"Week 48","2019","RTMs TOTAL","3403.15047"
"Week 49","2019","FOREST PRODUCTS"," 555.22818"
"Week 49","2019","PETRO&CHEMICALS","1191.18759"
"Week 49","2019","METALS&MINERALS"," 432.20116"
"Week 49","2019","AUTOMOTIVE","  66.94282"
"Week 49","2019","COAL"," 271.64445"
"Week 49","2019","GRAIN & FERTS","1171.72986"
"Week 49","2019","INTERMODAL","1089.93733"
"Week 49","2019","RTMs TOTAL","4778.87138"
"Week 50","2019","FOREST PRODUCTS"," 534.15276"
"Week 50","2019","PETRO&CHEMICALS","1140.52446"
"Week 50","2019","METALS&MINERALS"," 470.67162"
"Week 50","2019","AUTOMOTIVE","  72.00002"
"Week 50","2019","COAL"," 341.50551"
"Week 50","2019","GRAIN & FERTS","1146.06409"
"Week 50","2019","INTERMODAL","1191.08040"
"Week 50","2019","RTMs TOTAL","4895.99885"
"Week 51","2019","FOREST PRODUCTS"," 500.68592"
"Week 51","2019","PETRO&CHEMICALS","1096.78741"
"Week 51","2019","METALS&MINERALS"," 478.14682"
"Week 51","2019","AUTOMOTIVE","  72.91915"
"Week 51","2019","COAL"," 351.90856"
"Week 51","2019","GRAIN & FERTS","1227.92307"
"Week 51","2019","INTERMODAL","1114.24372"
"Week 51","2019","RTMs TOTAL","4842.61466"
"Week 52","2019","FOREST PRODUCTS"," 356.60757"
"Week 52","2019","PETRO&CHEMICALS"," 977.82903"
"Week 52","2019","METALS&MINERALS"," 495.99320"
"Week 52","2019","AUTOMOTIVE","  37.41253"
"Week 52","2019","COAL"," 351.68924"
"Week 52","2019","GRAIN & FERTS"," 888.50449"
"Week 52","2019","INTERMODAL"," 804.61703"
"Week 52","2019","RTMs TOTAL","3912.65308"
"Week 1","2020","FOREST PRODUCTS"," 518.34593"
"Week 1","2020","PETRO&CHEMICALS","1156.58651"
"Week 1","2020","METALS&MINERALS"," 497.09711"
"Week 1","2020","AUTOMOTIVE","  56.85374"
"Week 1","2020","COAL"," 336.85465"
"Week 1","2020","GRAIN & FERTS","1120.91072"
"Week 1","2020","INTERMODAL","1130.52082"
"Week 1","2020","RTMs TOTAL","4817.16949"
"Week 2","2020","FOREST PRODUCTS"," 409.98285"
"Week 2","2020","PETRO&CHEMICALS"," 946.67550"
"Week 2","2020","METALS&MINERALS"," 447.06049"
"Week 2","2020","AUTOMOTIVE","  68.97286"
"Week 2","2020","COAL"," 216.71103"
"Week 2","2020","GRAIN & FERTS"," 916.35433"
"Week 2","2020","INTERMODAL"," 973.50637"
"Week 2","2020","RTMs TOTAL","3979.26343"
"Week 3","2020","FOREST PRODUCTS"," 494.7079"
"Week 3","2020","PETRO&CHEMICALS","1122.2778"
"Week 3","2020","METALS&MINERALS"," 516.4065"
"Week 3","2020","AUTOMOTIVE","  60.4605"
"Week 3","2020","COAL"," 284.5646"
"Week 3","2020","GRAIN & FERTS","1115.3333"
"Week 3","2020","INTERMODAL","1151.5688"
"Week 3","2020","RTMs TOTAL","4745.3194"
"Week 4","2020","FOREST PRODUCTS"," 540.54552"
"Week 4","2020","PETRO&CHEMICALS","1250.92256"
"Week 4","2020","METALS&MINERALS"," 556.88288"
"Week 4","2020","AUTOMOTIVE","  67.61189"
"Week 4","2020","COAL"," 333.69355"
"Week 4","2020","GRAIN & FERTS"," 988.83953"
"Week 4","2020","INTERMODAL","1186.07480"
"Week 4","2020","RTMs TOTAL","4924.57073"
"Week 5","2020","FOREST PRODUCTS"," 462.10757"
"Week 5","2020","PETRO&CHEMICALS","1160.76230"
"Week 5","2020","METALS&MINERALS"," 486.95576"
"Week 5","2020","AUTOMOTIVE","  66.40547"
"Week 5","2020","COAL"," 266.86954"
"Week 5","2020","GRAIN & FERTS"," 973.44154"
"Week 5","2020","INTERMODAL","1039.71697"
"Week 5","2020","RTMs TOTAL","4456.25916"
"Week 6","2020","FOREST PRODUCTS"," 457.58558"
"Week 6","2020","PETRO&CHEMICALS"," 908.21360"
"Week 6","2020","METALS&MINERALS"," 453.06712"
"Week 6","2020","AUTOMOTIVE","  73.85013"
"Week 6","2020","COAL"," 247.09689"
"Week 6","2020","GRAIN & FERTS"," 809.73731"
"Week 6","2020","INTERMODAL"," 781.15385"
"Week 6","2020","RTMs TOTAL","3730.70447"
"Week 7","2020","FOREST PRODUCTS"," 411.12619"
"Week 7","2020","PETRO&CHEMICALS"," 957.77408"
"Week 7","2020","METALS&MINERALS"," 505.95973"
"Week 7","2020","AUTOMOTIVE","  60.87914"
"Week 7","2020","COAL"," 312.45113"
"Week 7","2020","GRAIN & FERTS"," 933.47032"
"Week 7","2020","INTERMODAL"," 780.76236"
"Week 7","2020","RTMs TOTAL","3962.42295"
"Week 8","2020","FOREST PRODUCTS"," 437.23719"
"Week 8","2020","PETRO&CHEMICALS","1010.66473"
"Week 8","2020","METALS&MINERALS"," 499.04725"
"Week 8","2020","AUTOMOTIVE","  57.93569"
"Week 8","2020","COAL"," 306.88050"
"Week 8","2020","GRAIN & FERTS"," 962.73881"
"Week 8","2020","INTERMODAL"," 863.55465"
"Week 8","2020","RTMs TOTAL","4138.05883"
"Week 9","2020","FOREST PRODUCTS"," 542.66233"
"Week 9","2020","PETRO&CHEMICALS","1126.42294"
"Week 9","2020","METALS&MINERALS"," 599.24832"
"Week 9","2020","AUTOMOTIVE","  78.91955"
"Week 9","2020","COAL"," 415.55501"
"Week 9","2020","GRAIN & FERTS","1076.36120"
"Week 9","2020","INTERMODAL"," 943.41607"
"Week 9","2020","RTMs TOTAL","4782.58542"
"Week 10","2020","FOREST PRODUCTS"," 516.09236"
"Week 10","2020","PETRO&CHEMICALS","1078.94775"
"Week 10","2020","METALS&MINERALS"," 538.27951"
"Week 10","2020","AUTOMOTIVE","  85.15272"
"Week 10","2020","COAL"," 348.99158"
"Week 10","2020","GRAIN & FERTS","1302.98688"
"Week 10","2020","INTERMODAL","1016.50188"
"Week 10","2020","RTMs TOTAL","4886.95267"
"Week 11","2020","FOREST PRODUCTS"," 542.91884"
"Week 11","2020","PETRO&CHEMICALS","1095.94153"
"Week 11","2020","METALS&MINERALS"," 514.26725"
"Week 11","2020","AUTOMOTIVE","  88.86964"
"Week 11","2020","COAL"," 362.28751"
"Week 11","2020","GRAIN & FERTS","1436.95227"
"Week 11","2020","INTERMODAL","1007.43719"
"Week 11","2020","RTMs TOTAL","5048.67424"
"Week 12","2020","FOREST PRODUCTS"," 555.18026"
"Week 12","2020","PETRO&CHEMICALS"," 917.28561"
"Week 12","2020","METALS&MINERALS"," 439.09466"
"Week 12","2020","AUTOMOTIVE","  45.17887"
"Week 12","2020","COAL"," 334.74109"
"Week 12","2020","GRAIN & FERTS","1271.54141"
"Week 12","2020","INTERMODAL"," 991.77500"
"Week 12","2020","RTMs TOTAL","4554.79691"
"Week 13","2020","FOREST PRODUCTS"," 511.06557"
"Week 13","2020","PETRO&CHEMICALS"," 795.30372"
"Week 13","2020","METALS&MINERALS"," 416.40268"
"Week 13","2020","AUTOMOTIVE","  21.64279"
"Week 13","2020","COAL"," 336.68999"
"Week 13","2020","GRAIN & FERTS","1441.41704"
"Week 13","2020","INTERMODAL","1038.96682"
"Week 13","2020","RTMs TOTAL","4561.48860"
"Week 14","2020","FOREST PRODUCTS"," 515.13536"
"Week 14","2020","PETRO&CHEMICALS"," 760.70104"
"Week 14","2020","METALS&MINERALS"," 405.60074"
"Week 14","2020","AUTOMOTIVE","  16.59718"
"Week 14","2020","COAL"," 382.86180"
"Week 14","2020","GRAIN & FERTS","1336.27497"
"Week 14","2020","INTERMODAL","1046.98408"
"Week 14","2020","RTMs TOTAL","4464.15517"
"Week 15","2020","FOREST PRODUCTS"," 491.45740"
"Week 15","2020","PETRO&CHEMICALS"," 687.35897"
"Week 15","2020","METALS&MINERALS"," 294.38195"
"Week 15","2020","AUTOMOTIVE","  11.41906"
"Week 15","2020","COAL"," 381.74582"
"Week 15","2020","GRAIN & FERTS","1194.51040"
"Week 15","2020","INTERMODAL","1116.91764"
"Week 15","2020","RTMs TOTAL","4177.79125"
"Week 16","2020","FOREST PRODUCTS"," 456.63756"
"Week 16","2020","PETRO&CHEMICALS"," 666.27687"
"Week 16","2020","METALS&MINERALS"," 306.83622"
"Week 16","2020","AUTOMOTIVE","  10.77264"
"Week 16","2020","COAL"," 360.18979"
"Week 16","2020","GRAIN & FERTS","1231.05068"
"Week 16","2020","INTERMODAL","1120.87511"
"Week 16","2020","RTMs TOTAL","4152.63886"
"Week 17","2020","FOREST PRODUCTS"," 437.87083"
"Week 17","2020","PETRO&CHEMICALS"," 632.01648"
"Week 17","2020","METALS&MINERALS"," 311.34857"
"Week 17","2020","AUTOMOTIVE","  13.21856"
"Week 17","2020","COAL"," 279.80037"
"Week 17","2020","GRAIN & FERTS","1191.95630"
"Week 17","2020","INTERMODAL","1106.44200"
"Week 17","2020","RTMs TOTAL","3972.65311"
"Week 18","2020","FOREST PRODUCTS"," 448.7982"
"Week 18","2020","PETRO&CHEMICALS"," 660.8472"
"Week 18","2020","METALS&MINERALS"," 229.7864"
"Week 18","2020","AUTOMOTIVE","  11.2338"
"Week 18","2020","COAL"," 326.2687"
"Week 18","2020","GRAIN & FERTS","1250.8737"
"Week 18","2020","INTERMODAL","1108.5436"
"Week 18","2020","RTMs TOTAL","4036.3515"
"Week 19","2020","FOREST PRODUCTS"," 466.058711"
"Week 19","2020","PETRO&CHEMICALS"," 646.762759"
"Week 19","2020","METALS&MINERALS"," 235.240520"
"Week 19","2020","AUTOMOTIVE","   9.974757"
"Week 19","2020","COAL"," 325.785254"
"Week 19","2020","GRAIN & FERTS","1177.596795"
"Week 19","2020","INTERMODAL","1081.878592"
"Week 19","2020","RTMs TOTAL","3943.297388"
"Week 20","2020","FOREST PRODUCTS"," 426.87650"
"Week 20","2020","PETRO&CHEMICALS"," 648.57581"
"Week 20","2020","METALS&MINERALS"," 226.45428"
"Week 20","2020","AUTOMOTIVE","  13.25055"
"Week 20","2020","COAL"," 271.53636"
"Week 20","2020","GRAIN & FERTS","1098.50625"
"Week 20","2020","INTERMODAL"," 952.31684"
"Week 20","2020","RTMs TOTAL","3637.51659"
"Week 21","2020","FOREST PRODUCTS"," 451.5835"
"Week 21","2020","PETRO&CHEMICALS"," 715.5138"
"Week 21","2020","METALS&MINERALS"," 232.2919"
"Week 21","2020","AUTOMOTIVE","  22.9684"
"Week 21","2020","COAL"," 336.9888"
"Week 21","2020","GRAIN & FERTS","1053.5468"
"Week 21","2020","INTERMODAL","1135.8906"
"Week 21","2020","RTMs TOTAL","3948.7838"
"Week 22","2020","FOREST PRODUCTS"," 450.95173"
"Week 22","2020","PETRO&CHEMICALS"," 581.37393"
"Week 22","2020","METALS&MINERALS"," 295.10826"
"Week 22","2020","AUTOMOTIVE","  33.25755"
"Week 22","2020","COAL"," 345.47593"
"Week 22","2020","GRAIN & FERTS","1033.59932"
"Week 22","2020","INTERMODAL","1059.54588"
"Week 22","2020","RTMs TOTAL","3799.31261"
"Week 23","2020","FOREST PRODUCTS"," 450.67685"
"Week 23","2020","PETRO&CHEMICALS"," 695.66524"
"Week 23","2020","METALS&MINERALS"," 309.43913"
"Week 23","2020","AUTOMOTIVE","  42.35646"
"Week 23","2020","COAL"," 321.03614"
"Week 23","2020","GRAIN & FERTS","1018.40869"
"Week 23","2020","INTERMODAL","1089.65408"
"Week 23","2020","RTMs TOTAL","3927.23661"
"Week 24","2020","FOREST PRODUCTS"," 466.00077"
"Week 24","2020","PETRO&CHEMICALS"," 693.77612"
"Week 24","2020","METALS&MINERALS"," 279.60890"
"Week 24","2020","AUTOMOTIVE","  48.91453"
"Week 24","2020","COAL"," 307.83044"
"Week 24","2020","GRAIN & FERTS","1201.47846"
"Week 24","2020","INTERMODAL","1103.50611"
"Week 24","2020","RTMs TOTAL","4101.11532"
"Week 25","2020","FOREST PRODUCTS"," 440.01459"
"Week 25","2020","PETRO&CHEMICALS"," 633.44514"
"Week 25","2020","METALS&MINERALS"," 301.95038"
"Week 25","2020","AUTOMOTIVE","  47.67628"
"Week 25","2020","COAL"," 306.05527"
"Week 25","2020","GRAIN & FERTS"," 993.11622"
"Week 25","2020","INTERMODAL","1149.42793"
"Week 25","2020","RTMs TOTAL","3871.68580"
"Week 26","2020","FOREST PRODUCTS"," 471.7592"
"Week 26","2020","PETRO&CHEMICALS"," 700.4009"
"Week 26","2020","METALS&MINERALS"," 354.1775"
"Week 26","2020","AUTOMOTIVE","  51.9881"
"Week 26","2020","COAL"," 269.4334"
"Week 26","2020","GRAIN & FERTS"," 888.4173"
"Week 26","2020","INTERMODAL"," 999.5127"
"Week 26","2020","RTMs TOTAL","3735.6892"
"Week 27","2020","FOREST PRODUCTS"," 441.59380"
"Week 27","2020","PETRO&CHEMICALS"," 636.10041"
"Week 27","2020","METALS&MINERALS"," 331.23527"
"Week 27","2020","AUTOMOTIVE","  61.05078"
"Week 27","2020","COAL"," 225.71801"
"Week 27","2020","GRAIN & FERTS","1070.39427"
"Week 27","2020","INTERMODAL","1149.52568"
"Week 27","2020","RTMs TOTAL","3915.61823"
"Week 28","2020","FOREST PRODUCTS"," 451.40960"
"Week 28","2020","PETRO&CHEMICALS"," 690.76706"
"Week 28","2020","METALS&MINERALS"," 364.14776"
"Week 28","2020","AUTOMOTIVE","  60.58222"
"Week 28","2020","COAL"," 331.82045"
"Week 28","2020","GRAIN & FERTS"," 957.08690"
"Week 28","2020","INTERMODAL","1203.98755"
"Week 28","2020","RTMs TOTAL","4059.80154"
"Week 29","2020","FOREST PRODUCTS"," 460.18095"
"Week 29","2020","PETRO&CHEMICALS"," 720.59632"
"Week 29","2020","METALS&MINERALS"," 352.66123"
"Week 29","2020","AUTOMOTIVE","  64.42214"
"Week 29","2020","COAL"," 305.97361"
"Week 29","2020","GRAIN & FERTS","1083.88424"
"Week 29","2020","INTERMODAL","1213.25075"
"Week 29","2020","RTMs TOTAL","4200.96925"
"Week 30","2020","FOREST PRODUCTS"," 537.41724"
"Week 30","2020","PETRO&CHEMICALS"," 727.35202"
"Week 30","2020","METALS&MINERALS"," 391.63663"
"Week 30","2020","AUTOMOTIVE","  54.67935"
"Week 30","2020","COAL"," 265.18886"
"Week 30","2020","GRAIN & FERTS","1021.14978"
"Week 30","2020","INTERMODAL","1169.87543"
"Week 30","2020","RTMs TOTAL","4167.29930"
"Week 31","2020","FOREST PRODUCTS"," 492.60050"
"Week 31","2020","PETRO&CHEMICALS"," 696.91089"
"Week 31","2020","METALS&MINERALS"," 387.93795"
"Week 31","2020","AUTOMOTIVE","  65.30358"
"Week 31","2020","COAL"," 253.72708"
"Week 31","2020","GRAIN & FERTS","1083.02518"
"Week 31","2020","INTERMODAL","1223.00012"
"Week 31","2020","RTMs TOTAL","4202.50529"
"Week 32","2020","FOREST PRODUCTS"," 513.22709"
"Week 32","2020","PETRO&CHEMICALS"," 722.67594"
"Week 32","2020","METALS&MINERALS"," 450.28882"
"Week 32","2020","AUTOMOTIVE","  72.86464"
"Week 32","2020","COAL"," 301.61124"
"Week 32","2020","GRAIN & FERTS","1074.82496"
"Week 32","2020","INTERMODAL","1228.89637"
"Week 32","2020","RTMs TOTAL","4364.38905"
"Week 33","2020","FOREST PRODUCTS"," 499.79188"
"Week 33","2020","PETRO&CHEMICALS"," 695.97005"
"Week 33","2020","METALS&MINERALS"," 416.11276"
"Week 33","2020","AUTOMOTIVE","  67.55375"
"Week 33","2020","COAL"," 277.54467"
"Week 33","2020","GRAIN & FERTS"," 971.42539"
"Week 33","2020","INTERMODAL","1200.43430"
"Week 33","2020","RTMs TOTAL","4128.83278"
"Week 34","2020","FOREST PRODUCTS"," 546.65656"
"Week 34","2020","PETRO&CHEMICALS"," 683.43755"
"Week 34","2020","METALS&MINERALS"," 431.12585"
"Week 34","2020","AUTOMOTIVE","  63.91582"
"Week 34","2020","COAL"," 189.04023"
"Week 34","2020","GRAIN & FERTS","1053.33850"
"Week 34","2020","INTERMODAL","1281.51579"
"Week 34","2020","RTMs TOTAL","4249.03029"
"Week 35","2020","FOREST PRODUCTS"," 510.79617"
"Week 35","2020","PETRO&CHEMICALS"," 776.02365"
"Week 35","2020","METALS&MINERALS"," 453.91243"
"Week 35","2020","AUTOMOTIVE","  63.56077"
"Week 35","2020","COAL"," 252.20145"
"Week 35","2020","GRAIN & FERTS","1166.07289"
"Week 35","2020","INTERMODAL","1208.36173"
"Week 35","2020","RTMs TOTAL","4430.92909"
"Week 36","2020","FOREST PRODUCTS"," 512.54709"
"Week 36","2020","PETRO&CHEMICALS"," 681.32270"
"Week 36","2020","METALS&MINERALS"," 475.81011"
"Week 36","2020","AUTOMOTIVE","  50.16473"
"Week 36","2020","COAL"," 270.72786"
"Week 36","2020","GRAIN & FERTS","1320.99305"
"Week 36","2020","INTERMODAL","1173.56449"
"Week 36","2020","RTMs TOTAL","4485.13002"
"Week 37","2020","FOREST PRODUCTS"," 507.74990"
"Week 37","2020","PETRO&CHEMICALS"," 750.70020"
"Week 37","2020","METALS&MINERALS"," 499.48652"
"Week 37","2020","AUTOMOTIVE","  49.76849"
"Week 37","2020","COAL"," 301.08213"
"Week 37","2020","GRAIN & FERTS","1294.42670"
"Week 37","2020","INTERMODAL","1267.67383"
"Week 37","2020","RTMs TOTAL","4670.88778"
"Week 38","2020","FOREST PRODUCTS"," 513.45872"
"Week 38","2020","PETRO&CHEMICALS"," 782.96810"
"Week 38","2020","METALS&MINERALS"," 448.73691"
"Week 38","2020","AUTOMOTIVE","  48.00626"
"Week 38","2020","COAL"," 298.66673"
"Week 38","2020","GRAIN & FERTS","1291.38809"
"Week 38","2020","INTERMODAL","1309.58071"
"Week 38","2020","RTMs TOTAL","4692.80552"
"Week 39","2020","FOREST PRODUCTS"," 528.44446"
"Week 39","2020","PETRO&CHEMICALS"," 842.44651"
"Week 39","2020","METALS&MINERALS"," 487.72214"
"Week 39","2020","AUTOMOTIVE","  46.11646"
"Week 39","2020","COAL"," 331.20463"
"Week 39","2020","GRAIN & FERTS","1384.45771"
"Week 39","2020","INTERMODAL","1315.47773"
"Week 39","2020","RTMs TOTAL","4935.86964"
"Week 40","2020","FOREST PRODUCTS"," 522.10247"
"Week 40","2020","PETRO&CHEMICALS"," 826.03476"
"Week 40","2020","METALS&MINERALS"," 430.10499"
"Week 40","2020","AUTOMOTIVE","  51.13513"
"Week 40","2020","COAL"," 214.31381"
"Week 40","2020","GRAIN & FERTS","1420.56100"
"Week 40","2020","INTERMODAL","1298.35181"
"Week 40","2020","RTMs TOTAL","4762.60397"
"Week 41","2020","FOREST PRODUCTS"," 489.95952"
"Week 41","2020","PETRO&CHEMICALS"," 802.96980"
"Week 41","2020","METALS&MINERALS"," 441.98367"
"Week 41","2020","AUTOMOTIVE","  47.89423"
"Week 41","2020","COAL"," 307.35137"
"Week 41","2020","GRAIN & FERTS","1461.31762"
"Week 41","2020","INTERMODAL","1276.39504"
"Week 41","2020","RTMs TOTAL","4827.87125"
"Week 42","2020","FOREST PRODUCTS"," 480.42351"
"Week 42","2020","PETRO&CHEMICALS"," 819.70486"
"Week 42","2020","METALS&MINERALS"," 347.32135"
"Week 42","2020","AUTOMOTIVE","  58.23452"
"Week 42","2020","COAL"," 295.30133"
"Week 42","2020","GRAIN & FERTS","1386.13170"
"Week 42","2020","INTERMODAL","1338.39450"
"Week 42","2020","RTMs TOTAL","4725.51177"
"Week 43","2020","FOREST PRODUCTS"," 499.40141"
"Week 43","2020","PETRO&CHEMICALS"," 822.33506"
"Week 43","2020","METALS&MINERALS"," 413.96122"
"Week 43","2020","AUTOMOTIVE","  48.38425"
"Week 43","2020","COAL"," 323.07533"
"Week 43","2020","GRAIN & FERTS","1364.08713"
"Week 43","2020","INTERMODAL","1341.74649"
"Week 43","2020","RTMs TOTAL","4812.99089"
"Week 44","2020","FOREST PRODUCTS"," 522.59094"
"Week 44","2020","PETRO&CHEMICALS"," 937.49643"
"Week 44","2020","METALS&MINERALS"," 409.31290"
"Week 44","2020","AUTOMOTIVE","  45.82735"
"Week 44","2020","COAL"," 326.74102"
"Week 44","2020","GRAIN & FERTS","1395.41574"
"Week 44","2020","INTERMODAL","1235.85300"
"Week 44","2020","RTMs TOTAL","4873.23739"
"Week 45","2020","FOREST PRODUCTS"," 500.44714"
"Week 45","2020","PETRO&CHEMICALS"," 967.01922"
"Week 45","2020","METALS&MINERALS"," 386.31166"
"Week 45","2020","AUTOMOTIVE","  46.75501"
"Week 45","2020","COAL"," 348.75213"
"Week 45","2020","GRAIN & FERTS","1264.94673"
"Week 45","2020","INTERMODAL","1272.76217"
"Week 45","2020","RTMs TOTAL","4786.99405"
"Week 46","2020","FOREST PRODUCTS"," 520.51654"
"Week 46","2020","PETRO&CHEMICALS"," 948.30777"
"Week 46","2020","METALS&MINERALS"," 464.73267"
"Week 46","2020","AUTOMOTIVE","  53.44806"
"Week 46","2020","COAL"," 357.67132"
"Week 46","2020","GRAIN & FERTS","1301.26498"
"Week 46","2020","INTERMODAL","1320.90222"
"Week 46","2020","RTMs TOTAL","4966.84355"
"Week 47","2020","FOREST PRODUCTS"," 534.35911"
"Week 47","2020","PETRO&CHEMICALS"," 909.60001"
"Week 47","2020","METALS&MINERALS"," 372.62685"
"Week 47","2020","AUTOMOTIVE","  45.62567"
"Week 47","2020","COAL"," 359.36830"
"Week 47","2020","GRAIN & FERTS","1409.88504"
"Week 47","2020","INTERMODAL","1256.16398"
"Week 47","2020","RTMs TOTAL","4887.62896"
"Week 48","2020","FOREST PRODUCTS"," 515.72037"
"Week 48","2020","PETRO&CHEMICALS"," 971.18663"
"Week 48","2020","METALS&MINERALS"," 418.97309"
"Week 48","2020","AUTOMOTIVE","  51.55855"
"Week 48","2020","COAL"," 309.17520"
"Week 48","2020","GRAIN & FERTS","1470.77955"
"Week 48","2020","INTERMODAL","1235.51320"
"Week 48","2020","RTMs TOTAL","4972.90659"
"Week 49","2020","FOREST PRODUCTS"," 551.87235"
"Week 49","2020","PETRO&CHEMICALS"," 901.57763"
"Week 49","2020","METALS&MINERALS"," 435.59341"
"Week 49","2020","AUTOMOTIVE","  54.88163"
"Week 49","2020","COAL"," 392.74908"
"Week 49","2020","GRAIN & FERTS","1414.08973"
"Week 49","2020","INTERMODAL","1262.08088"
"Week 49","2020","RTMs TOTAL","5012.84470"
"Week 50","2020","FOREST PRODUCTS"," 506.60099"
"Week 50","2020","PETRO&CHEMICALS"," 887.91703"
"Week 50","2020","METALS&MINERALS"," 514.22315"
"Week 50","2020","AUTOMOTIVE","  55.67965"
"Week 50","2020","COAL"," 363.68870"
"Week 50","2020","GRAIN & FERTS","1350.39237"
"Week 50","2020","INTERMODAL","1214.01228"
"Week 50","2020","RTMs TOTAL","4892.51416"
"Week 51","2020","FOREST PRODUCTS"," 455.46317"
"Week 51","2020","PETRO&CHEMICALS"," 858.27859"
"Week 51","2020","METALS&MINERALS"," 471.00851"
"Week 51","2020","AUTOMOTIVE","  46.49685"
"Week 51","2020","COAL"," 255.14953"
"Week 51","2020","GRAIN & FERTS","1026.00454"
"Week 51","2020","INTERMODAL"," 886.94141"
"Week 51","2020","RTMs TOTAL","3999.34260"
"Week 52","2020","FOREST PRODUCTS"," 469.69795"
"Week 52","2020","PETRO&CHEMICALS"," 800.96284"
"Week 52","2020","METALS&MINERALS"," 463.52606"
"Week 52","2020","AUTOMOTIVE","  39.12116"
"Week 52","2020","COAL"," 320.92345"
"Week 52","2020","GRAIN & FERTS","1254.27323"
"Week 52","2020","INTERMODAL"," 905.27916"
"Week 52","2020","RTMs TOTAL","4253.78384"
"Week 1","2021","FOREST PRODUCTS"," 521.61510"
"Week 1","2021","PETRO&CHEMICALS"," 891.85189"
"Week 1","2021","METALS&MINERALS"," 473.97368"
"Week 1","2021","AUTOMOTIVE","  40.10601"
"Week 1","2021","COAL"," 332.36841"
"Week 1","2021","GRAIN & FERTS","1417.73956"
"Week 1","2021","INTERMODAL","1277.11713"
"Week 1","2021","RTMs TOTAL","4954.77179"
"Week 2","2021","FOREST PRODUCTS"," 573.49248"
"Week 2","2021","PETRO&CHEMICALS"," 886.34452"
"Week 2","2021","METALS&MINERALS"," 497.99847"
"Week 2","2021","AUTOMOTIVE","  45.19608"
"Week 2","2021","COAL"," 372.72291"
"Week 2","2021","GRAIN & FERTS","1517.98373"
"Week 2","2021","INTERMODAL","1208.61289"
"Week 2","2021","RTMs TOTAL","5102.35106"
"Week 3","2021","FOREST PRODUCTS"," 565.76848"
"Week 3","2021","PETRO&CHEMICALS"," 890.97825"
"Week 3","2021","METALS&MINERALS"," 493.25927"
"Week 3","2021","AUTOMOTIVE","  53.83745"
"Week 3","2021","COAL"," 401.09141"
"Week 3","2021","GRAIN & FERTS","1570.53649"
"Week 3","2021","INTERMODAL","1227.75205"
"Week 3","2021","RTMs TOTAL","5203.22340"
"Week 4","2021","FOREST PRODUCTS"," 524.71084"
"Week 4","2021","PETRO&CHEMICALS"," 869.31110"
"Week 4","2021","METALS&MINERALS"," 529.29400"
"Week 4","2021","AUTOMOTIVE","  50.60883"
"Week 4","2021","COAL"," 376.80133"
"Week 4","2021","GRAIN & FERTS","1407.52339"
"Week 4","2021","INTERMODAL","1227.55136"
"Week 4","2021","RTMs TOTAL","4985.80085"
"Week 5","2021","FOREST PRODUCTS"," 506.38424"
"Week 5","2021","PETRO&CHEMICALS"," 833.44808"
"Week 5","2021","METALS&MINERALS"," 526.24911"
"Week 5","2021","AUTOMOTIVE","  47.53252"
"Week 5","2021","COAL"," 322.20893"
"Week 5","2021","GRAIN & FERTS","1322.39822"
"Week 5","2021","INTERMODAL","1167.34992"
"Week 5","2021","RTMs TOTAL","4725.57101"
"Week 6","2021","FOREST PRODUCTS"," 411.05691"
"Week 6","2021","PETRO&CHEMICALS"," 700.97190"
"Week 6","2021","METALS&MINERALS"," 427.51192"
"Week 6","2021","AUTOMOTIVE","  46.49948"
"Week 6","2021","COAL"," 269.13737"
"Week 6","2021","GRAIN & FERTS","1160.78315"
"Week 6","2021","INTERMODAL","1111.11814"
"Week 6","2021","RTMs TOTAL","4127.07886"
"Week 7","2021","FOREST PRODUCTS"," 478.89870"
"Week 7","2021","PETRO&CHEMICALS"," 797.02602"
"Week 7","2021","METALS&MINERALS"," 431.93902"
"Week 7","2021","AUTOMOTIVE","  47.88565"
"Week 7","2021","COAL"," 273.04690"
"Week 7","2021","GRAIN & FERTS","1099.40012"
"Week 7","2021","INTERMODAL","1039.61388"
"Week 7","2021","RTMs TOTAL","4167.81029"
"Week 8","2021","FOREST PRODUCTS"," 541.93650"
"Week 8","2021","PETRO&CHEMICALS"," 913.76433"
"Week 8","2021","METALS&MINERALS"," 517.59639"
"Week 8","2021","AUTOMOTIVE","  47.99167"
"Week 8","2021","COAL"," 322.54616"
"Week 8","2021","GRAIN & FERTS","1275.63170"
"Week 8","2021","INTERMODAL","1158.26155"
"Week 8","2021","RTMs TOTAL","4777.72831"
"Week 9","2021","FOREST PRODUCTS"," 513.07962"
"Week 9","2021","PETRO&CHEMICALS"," 870.09681"
"Week 9","2021","METALS&MINERALS"," 529.34486"
"Week 9","2021","AUTOMOTIVE","  64.67018"
"Week 9","2021","COAL"," 282.70705"
"Week 9","2021","GRAIN & FERTS","1457.16821"
"Week 9","2021","INTERMODAL","1246.49973"
"Week 9","2021","RTMs TOTAL","4963.56645"
"Week 10","2021","FOREST PRODUCTS"," 549.91159"
"Week 10","2021","PETRO&CHEMICALS"," 842.37506"
"Week 10","2021","METALS&MINERALS"," 499.03524"
"Week 10","2021","AUTOMOTIVE","  56.72572"
"Week 10","2021","COAL"," 316.20331"
"Week 10","2021","GRAIN & FERTS","1560.60441"
"Week 10","2021","INTERMODAL","1282.33193"
"Week 10","2021","RTMs TOTAL","5107.18726"
"Week 11","2021","FOREST PRODUCTS"," 519.50851"
"Week 11","2021","PETRO&CHEMICALS"," 873.39273"
"Week 11","2021","METALS&MINERALS"," 451.45942"
"Week 11","2021","AUTOMOTIVE","  69.78491"
"Week 11","2021","COAL"," 232.23547"
"Week 11","2021","GRAIN & FERTS","1455.29441"
"Week 11","2021","INTERMODAL","1226.97006"
"Week 11","2021","RTMs TOTAL","4828.64552"
"Week 12","2021","FOREST PRODUCTS"," 559.64441"
"Week 12","2021","PETRO&CHEMICALS"," 764.70252"
"Week 12","2021","METALS&MINERALS"," 540.74820"
"Week 12","2021","AUTOMOTIVE","  55.07449"
"Week 12","2021","COAL"," 279.66842"
"Week 12","2021","GRAIN & FERTS","1565.99873"
"Week 12","2021","INTERMODAL","1245.32912"
"Week 12","2021","RTMs TOTAL","5011.16590"
"Week 13","2021","FOREST PRODUCTS"," 534.84059"
"Week 13","2021","PETRO&CHEMICALS"," 708.02829"
"Week 13","2021","METALS&MINERALS"," 544.87085"
"Week 13","2021","AUTOMOTIVE","  42.49686"
"Week 13","2021","COAL"," 254.49800"
"Week 13","2021","GRAIN & FERTS","1283.93742"
"Week 13","2021","INTERMODAL","1201.93175"
"Week 13","2021","RTMs TOTAL","4570.60375"
"Week 14","2021","FOREST PRODUCTS"," 550.40712"
"Week 14","2021","PETRO&CHEMICALS"," 770.46617"
"Week 14","2021","METALS&MINERALS"," 603.47784"
"Week 14","2021","AUTOMOTIVE","  42.73383"
"Week 14","2021","COAL"," 299.01750"
"Week 14","2021","GRAIN & FERTS","1475.53492"
"Week 14","2021","INTERMODAL","1241.56412"
"Week 14","2021","RTMs TOTAL","4983.20150"
"Week 15","2021","FOREST PRODUCTS"," 546.12737"
"Week 15","2021","PETRO&CHEMICALS"," 797.88382"
"Week 15","2021","METALS&MINERALS"," 492.28848"
"Week 15","2021","AUTOMOTIVE","  43.85628"
"Week 15","2021","COAL"," 330.46297"
"Week 15","2021","GRAIN & FERTS","1480.80574"
"Week 15","2021","INTERMODAL","1136.58227"
"Week 15","2021","RTMs TOTAL","4828.00692"
"Week 16","2021","FOREST PRODUCTS"," 530.1977"
"Week 16","2021","PETRO&CHEMICALS"," 728.5213"
"Week 16","2021","METALS&MINERALS"," 512.2533"
"Week 16","2021","AUTOMOTIVE","  42.1040"
"Week 16","2021","COAL"," 328.7994"
"Week 16","2021","GRAIN & FERTS","1293.9671"
"Week 16","2021","INTERMODAL","1208.2636"
"Week 16","2021","RTMs TOTAL","4644.1064"
"Week 17","2021","FOREST PRODUCTS"," 572.78728"
"Week 17","2021","PETRO&CHEMICALS"," 796.50096"
"Week 17","2021","METALS&MINERALS"," 452.75609"
"Week 17","2021","AUTOMOTIVE","  46.20777"
"Week 17","2021","COAL"," 352.45307"
"Week 17","2021","GRAIN & FERTS","1274.27537"
"Week 17","2021","INTERMODAL","1100.08106"
"Week 17","2021","RTMs TOTAL","4595.06160"
"Week 18","2021","FOREST PRODUCTS"," 552.05641"
"Week 18","2021","PETRO&CHEMICALS"," 735.78346"
"Week 18","2021","METALS&MINERALS"," 483.15730"
"Week 18","2021","AUTOMOTIVE","  42.73497"
"Week 18","2021","COAL"," 353.55953"
"Week 18","2021","GRAIN & FERTS","1181.47615"
"Week 18","2021","INTERMODAL","1275.79340"
"Week 18","2021","RTMs TOTAL","4624.56121"
"Week 19","2021","FOREST PRODUCTS"," 542.72725"
"Week 19","2021","PETRO&CHEMICALS"," 782.98121"
"Week 19","2021","METALS&MINERALS"," 445.08085"
"Week 19","2021","AUTOMOTIVE","  49.32967"
"Week 19","2021","COAL"," 391.59043"
"Week 19","2021","GRAIN & FERTS","1077.52307"
"Week 19","2021","INTERMODAL","1249.88933"
"Week 19","2021","RTMs TOTAL","4539.12181"
"Week 20","2021","FOREST PRODUCTS"," 553.51588"
"Week 20","2021","PETRO&CHEMICALS"," 756.74327"
"Week 20","2021","METALS&MINERALS"," 470.20964"
"Week 20","2021","AUTOMOTIVE","  48.53176"
"Week 20","2021","COAL"," 413.93390"
"Week 20","2021","GRAIN & FERTS","1005.02847"
"Week 20","2021","INTERMODAL","1241.09540"
"Week 20","2021","RTMs TOTAL","4489.05833"
"Week 21","2021","FOREST PRODUCTS"," 498.6956"
"Week 21","2021","PETRO&CHEMICALS"," 736.7291"
"Week 21","2021","METALS&MINERALS"," 554.9923"
"Week 21","2021","AUTOMOTIVE","  55.3329"
"Week 21","2021","COAL"," 366.3864"
"Week 21","2021","GRAIN & FERTS","1063.5159"
"Week 21","2021","INTERMODAL","1100.2288"
"Week 21","2021","RTMs TOTAL","4375.8811"
"Week 22","2021","FOREST PRODUCTS"," 558.42098"
"Week 22","2021","PETRO&CHEMICALS"," 837.44303"
"Week 22","2021","METALS&MINERALS"," 534.23671"
"Week 22","2021","AUTOMOTIVE","  46.40757"
"Week 22","2021","COAL"," 389.65313"
"Week 22","2021","GRAIN & FERTS","1025.63188"
"Week 22","2021","INTERMODAL","1197.99731"
"Week 22","2021","RTMs TOTAL","4589.79061"
"Week 23","2021","FOREST PRODUCTS"," 542.84266"
"Week 23","2021","PETRO&CHEMICALS"," 727.53392"
"Week 23","2021","METALS&MINERALS"," 463.21661"
"Week 23","2021","AUTOMOTIVE","  45.87495"
"Week 23","2021","COAL"," 347.93799"
"Week 23","2021","GRAIN & FERTS","1050.10471"
"Week 23","2021","INTERMODAL","1179.17780"
"Week 23","2021","RTMs TOTAL","4356.68864"
"Week 24","2021","FOREST PRODUCTS"," 535.3502"
"Week 24","2021","PETRO&CHEMICALS"," 841.8688"
"Week 24","2021","METALS&MINERALS"," 535.4581"
"Week 24","2021","AUTOMOTIVE","  39.0114"
"Week 24","2021","COAL"," 409.8683"
"Week 24","2021","GRAIN & FERTS"," 992.8674"
"Week 24","2021","INTERMODAL","1127.5841"
"Week 24","2021","RTMs TOTAL","4482.0083"
"Week 25","2021","FOREST PRODUCTS"," 504.82705"
"Week 25","2021","PETRO&CHEMICALS"," 794.21698"
"Week 25","2021","METALS&MINERALS"," 535.45402"
"Week 25","2021","AUTOMOTIVE","  55.45121"
"Week 25","2021","COAL"," 356.19281"
"Week 25","2021","GRAIN & FERTS"," 965.12646"
"Week 25","2021","INTERMODAL","1230.41138"
"Week 25","2021","RTMs TOTAL","4441.67991"
"Week 26","2021","FOREST PRODUCTS"," 415.23725"
"Week 26","2021","PETRO&CHEMICALS"," 769.30576"
"Week 26","2021","METALS&MINERALS"," 586.76130"
"Week 26","2021","AUTOMOTIVE","  48.62224"
"Week 26","2021","COAL"," 355.05595"
"Week 26","2021","GRAIN & FERTS"," 839.74270"
"Week 26","2021","INTERMODAL","1003.43976"
"Week 26","2021","RTMs TOTAL","4018.16496"
"Week 27","2021","FOREST PRODUCTS"," 432.95941"
"Week 27","2021","PETRO&CHEMICALS"," 759.77170"
"Week 27","2021","METALS&MINERALS"," 608.92476"
"Week 27","2021","AUTOMOTIVE","  39.12282"
"Week 27","2021","COAL"," 344.02937"
"Week 27","2021","GRAIN & FERTS"," 793.01100"
"Week 27","2021","INTERMODAL"," 815.25834"
"Week 27","2021","RTMs TOTAL","3793.07739"
"Week 28","2021","FOREST PRODUCTS"," 455.65426"
"Week 28","2021","PETRO&CHEMICALS"," 752.09017"
"Week 28","2021","METALS&MINERALS"," 609.45019"
"Week 28","2021","AUTOMOTIVE","  36.89615"
"Week 28","2021","COAL"," 348.39818"
"Week 28","2021","GRAIN & FERTS"," 783.20379"
"Week 28","2021","INTERMODAL","1019.10351"
"Week 28","2021","RTMs TOTAL","4004.79624"
"Week 29","2021","FOREST PRODUCTS"," 481.3472"
"Week 29","2021","PETRO&CHEMICALS"," 822.5620"
"Week 29","2021","METALS&MINERALS"," 572.7920"
"Week 29","2021","AUTOMOTIVE","  43.0925"
"Week 29","2021","COAL"," 371.9607"
"Week 29","2021","GRAIN & FERTS"," 838.2373"
"Week 29","2021","INTERMODAL","1193.2144"
"Week 29","2021","RTMs TOTAL","4323.2062"
"Week 30","2021","FOREST PRODUCTS"," 465.55381"
"Week 30","2021","PETRO&CHEMICALS"," 832.42103"
"Week 30","2021","METALS&MINERALS"," 584.40620"
"Week 30","2021","AUTOMOTIVE","  48.48573"
"Week 30","2021","COAL"," 360.58229"
"Week 30","2021","GRAIN & FERTS"," 943.19016"
"Week 30","2021","INTERMODAL","1170.03065"
"Week 30","2021","RTMs TOTAL","4404.66987"
"Week 31","2021","FOREST PRODUCTS"," 444.80655"
"Week 31","2021","PETRO&CHEMICALS"," 833.21198"
"Week 31","2021","METALS&MINERALS"," 568.07929"
"Week 31","2021","AUTOMOTIVE","  41.77464"
"Week 31","2021","COAL"," 402.93854"
"Week 31","2021","GRAIN & FERTS"," 820.68099"
"Week 31","2021","INTERMODAL","1069.10742"
"Week 31","2021","RTMs TOTAL","4180.59941"
"Week 32","2021","FOREST PRODUCTS"," 492.66173"
"Week 32","2021","PETRO&CHEMICALS"," 805.99216"
"Week 32","2021","METALS&MINERALS"," 603.40297"
"Week 32","2021","AUTOMOTIVE","  41.53231"
"Week 32","2021","COAL"," 427.57891"
"Week 32","2021","GRAIN & FERTS"," 903.29596"
"Week 32","2021","INTERMODAL","1209.10493"
"Week 32","2021","RTMs TOTAL","4483.56898"
"Week 33","2021","FOREST PRODUCTS"," 475.88558"
"Week 33","2021","PETRO&CHEMICALS"," 824.61366"
"Week 33","2021","METALS&MINERALS"," 503.89842"
"Week 33","2021","AUTOMOTIVE","  49.39554"
"Week 33","2021","COAL"," 410.58072"
"Week 33","2021","GRAIN & FERTS"," 931.03264"
"Week 33","2021","INTERMODAL","1128.42555"
"Week 33","2021","RTMs TOTAL","4323.83213"
"Week 34","2021","FOREST PRODUCTS"," 486.07444"
"Week 34","2021","PETRO&CHEMICALS"," 793.93929"
"Week 34","2021","METALS&MINERALS"," 478.54006"
"Week 34","2021","AUTOMOTIVE","  45.42426"
"Week 34","2021","COAL"," 447.30706"
"Week 34","2021","GRAIN & FERTS"," 856.75910"
"Week 34","2021","INTERMODAL","1123.38413"
"Week 34","2021","RTMs TOTAL","4231.42835"
"Week 35","2021","FOREST PRODUCTS"," 482.86033"
"Week 35","2021","PETRO&CHEMICALS"," 791.67695"
"Week 35","2021","METALS&MINERALS"," 434.49595"
"Week 35","2021","AUTOMOTIVE","  36.95765"
"Week 35","2021","COAL"," 383.26607"
"Week 35","2021","GRAIN & FERTS"," 886.82486"
"Week 35","2021","INTERMODAL","1106.04769"
"Week 35","2021","RTMs TOTAL","4122.12951"
"Week 36","2021","FOREST PRODUCTS"," 480.24370"
"Week 36","2021","PETRO&CHEMICALS"," 865.06956"
"Week 36","2021","METALS&MINERALS"," 418.01356"
"Week 36","2021","AUTOMOTIVE","  35.84705"
"Week 36","2021","COAL"," 388.85898"
"Week 36","2021","GRAIN & FERTS"," 939.44351"
"Week 36","2021","INTERMODAL"," 934.68716"
"Week 36","2021","RTMs TOTAL","4062.16351"
"Week 37","2021","FOREST PRODUCTS"," 520.71315"
"Week 37","2021","PETRO&CHEMICALS"," 811.31710"
"Week 37","2021","METALS&MINERALS"," 524.69046"
"Week 37","2021","AUTOMOTIVE","  47.09883"
"Week 37","2021","COAL"," 381.76252"
"Week 37","2021","GRAIN & FERTS","1056.66481"
"Week 37","2021","INTERMODAL","1160.68041"
"Week 37","2021","RTMs TOTAL","4502.92730"
"Week 38","2021","FOREST PRODUCTS"," 479.3892"
"Week 38","2021","PETRO&CHEMICALS"," 887.7628"
"Week 38","2021","METALS&MINERALS"," 591.5942"
"Week 38","2021","AUTOMOTIVE","  42.0477"
"Week 38","2021","COAL"," 419.7600"
"Week 38","2021","GRAIN & FERTS"," 977.8513"
"Week 38","2021","INTERMODAL","1134.2222"
"Week 38","2021","RTMs TOTAL","4532.6274"
"Week 39","2021","FOREST PRODUCTS"," 484.54341"
"Week 39","2021","PETRO&CHEMICALS"," 832.20320"
"Week 39","2021","METALS&MINERALS"," 619.68976"
"Week 39","2021","AUTOMOTIVE","  44.97043"
"Week 39","2021","COAL"," 430.72863"
"Week 39","2021","GRAIN & FERTS","1055.06445"
"Week 39","2021","INTERMODAL","1124.06473"
"Week 39","2021","RTMs TOTAL","4591.26461"
"Week 40","2021","FOREST PRODUCTS"," 494.51860"
"Week 40","2021","PETRO&CHEMICALS"," 835.01057"
"Week 40","2021","METALS&MINERALS"," 564.36010"
"Week 40","2021","AUTOMOTIVE","  47.53817"
"Week 40","2021","COAL"," 467.45376"
"Week 40","2021","GRAIN & FERTS","1174.87830"
"Week 40","2021","INTERMODAL","1156.89999"
"Week 40","2021","RTMs TOTAL","4740.65948"
"Week 41","2021","FOREST PRODUCTS"," 481.12690"
"Week 41","2021","PETRO&CHEMICALS"," 823.98644"
"Week 41","2021","METALS&MINERALS"," 461.05461"
"Week 41","2021","AUTOMOTIVE","  40.02255"
"Week 41","2021","COAL"," 378.17329"
"Week 41","2021","GRAIN & FERTS","1180.74230"
"Week 41","2021","INTERMODAL","1074.28318"
"Week 41","2021","RTMs TOTAL","4439.38927"
"Week 42","2021","FOREST PRODUCTS"," 502.01300"
"Week 42","2021","PETRO&CHEMICALS"," 857.73120"
"Week 42","2021","METALS&MINERALS"," 527.23219"
"Week 42","2021","AUTOMOTIVE","  51.21558"
"Week 42","2021","COAL"," 303.89921"
"Week 42","2021","GRAIN & FERTS","1107.62596"
"Week 42","2021","INTERMODAL","1121.98994"
"Week 42","2021","RTMs TOTAL","4471.70708"
"Week 43","2021","FOREST PRODUCTS"," 511.59971"
"Week 43","2021","PETRO&CHEMICALS"," 846.17925"
"Week 43","2021","METALS&MINERALS"," 489.41440"
"Week 43","2021","AUTOMOTIVE","  44.96537"
"Week 43","2021","COAL"," 344.97114"
"Week 43","2021","GRAIN & FERTS","1189.23851"
"Week 43","2021","INTERMODAL","1096.31029"
"Week 43","2021","RTMs TOTAL","4522.67867"
"Week 44","2021","FOREST PRODUCTS"," 526.14572"
"Week 44","2021","PETRO&CHEMICALS"," 958.16110"
"Week 44","2021","METALS&MINERALS"," 531.39848"
"Week 44","2021","AUTOMOTIVE","  39.08412"
"Week 44","2021","COAL"," 364.07163"
"Week 44","2021","GRAIN & FERTS","1148.87559"
"Week 44","2021","INTERMODAL","1193.74528"
"Week 44","2021","RTMs TOTAL","4761.48191"
"Week 45","2021","FOREST PRODUCTS"," 453.54315"
"Week 45","2021","PETRO&CHEMICALS"," 856.16159"
"Week 45","2021","METALS&MINERALS"," 493.28700"
"Week 45","2021","AUTOMOTIVE","  40.00893"
"Week 45","2021","COAL"," 365.52733"
"Week 45","2021","GRAIN & FERTS","1144.43183"
"Week 45","2021","INTERMODAL","1134.20360"
"Week 45","2021","RTMs TOTAL","4487.16343"
"Week 46","2021","FOREST PRODUCTS"," 517.21748"
"Week 46","2021","PETRO&CHEMICALS"," 775.58355"
"Week 46","2021","METALS&MINERALS"," 442.77789"
"Week 46","2021","AUTOMOTIVE","  41.59702"
"Week 46","2021","COAL"," 449.19188"
"Week 46","2021","GRAIN & FERTS","1077.48506"
"Week 46","2021","INTERMODAL"," 910.38901"
"Week 46","2021","RTMs TOTAL","4214.24189"
"Week 47","2021","FOREST PRODUCTS"," 436.26964"
"Week 47","2021","PETRO&CHEMICALS"," 828.32334"
"Week 47","2021","METALS&MINERALS"," 511.93994"
"Week 47","2021","AUTOMOTIVE","  37.92803"
"Week 47","2021","COAL"," 273.01663"
"Week 47","2021","GRAIN & FERTS"," 872.88140"
"Week 47","2021","INTERMODAL"," 722.96375"
"Week 47","2021","RTMs TOTAL","3683.32273"
"Week 48","2021","FOREST PRODUCTS"," 443.5149"
"Week 48","2021","PETRO&CHEMICALS"," 778.3695"
"Week 48","2021","METALS&MINERALS"," 550.9291"
"Week 48","2021","AUTOMOTIVE","  43.4521"
"Week 48","2021","COAL"," 299.7621"
"Week 48","2021","GRAIN & FERTS"," 977.5989"
"Week 48","2021","INTERMODAL"," 939.7691"
"Week 48","2021","RTMs TOTAL","4033.3957"
"Week 49","2021","FOREST PRODUCTS"," 414.8468"
"Week 49","2021","PETRO&CHEMICALS"," 842.9973"
"Week 49","2021","METALS&MINERALS"," 487.0639"
"Week 49","2021","AUTOMOTIVE","  49.9277"
"Week 49","2021","COAL"," 332.6175"
"Week 49","2021","GRAIN & FERTS","1104.6622"
"Week 49","2021","INTERMODAL","1084.7134"
"Week 49","2021","RTMs TOTAL","4316.8288"
"Week 50","2021","FOREST PRODUCTS"," 485.37099"
"Week 50","2021","PETRO&CHEMICALS"," 804.33408"
"Week 50","2021","METALS&MINERALS"," 549.92746"
"Week 50","2021","AUTOMOTIVE","  48.95109"
"Week 50","2021","COAL"," 391.04913"
"Week 50","2021","GRAIN & FERTS","1228.34603"
"Week 50","2021","INTERMODAL","1125.16005"
"Week 50","2021","RTMs TOTAL","4633.13882"
"Week 51","2021","FOREST PRODUCTS"," 415.35520"
"Week 51","2021","PETRO&CHEMICALS"," 887.14380"
"Week 51","2021","METALS&MINERALS"," 434.82509"
"Week 51","2021","AUTOMOTIVE","  39.80796"
"Week 51","2021","COAL"," 314.13094"
"Week 51","2021","GRAIN & FERTS"," 981.83815"
"Week 51","2021","INTERMODAL"," 927.45378"
"Week 51","2021","RTMs TOTAL","4000.55493"
"Week 52","2021","FOREST PRODUCTS"," 326.63437"
"Week 52","2021","PETRO&CHEMICALS"," 710.31911"
"Week 52","2021","METALS&MINERALS"," 390.89581"
"Week 52","2021","AUTOMOTIVE","  36.15066"
"Week 52","2021","COAL"," 232.43128"
"Week 52","2021","GRAIN & FERTS"," 750.77749"
"Week 52","2021","INTERMODAL"," 735.26635"
"Week 52","2021","RTMs TOTAL","3182.47507"
"Week 1","2022","FOREST PRODUCTS"," 379.14289"
"Week 1","2022","PETRO&CHEMICALS"," 810.78641"
"Week 1","2022","METALS&MINERALS"," 400.62115"
"Week 1","2022","AUTOMOTIVE","  31.34586"
"Week 1","2022","COAL"," 273.29375"
"Week 1","2022","GRAIN & FERTS"," 865.99123"
"Week 1","2022","INTERMODAL"," 951.77716"
"Week 1","2022","RTMs TOTAL","3712.95844"
"Week 2","2022","FOREST PRODUCTS"," 462.79665"
"Week 2","2022","PETRO&CHEMICALS"," 896.04524"
"Week 2","2022","METALS&MINERALS"," 445.47746"
"Week 2","2022","AUTOMOTIVE","  48.89684"
"Week 2","2022","COAL"," 299.22829"
"Week 2","2022","GRAIN & FERTS"," 881.34040"
"Week 2","2022","INTERMODAL","1055.21368"
"Week 2","2022","RTMs TOTAL","4088.99857"
"Week 3","2022","FOREST PRODUCTS"," 479.59773"
"Week 3","2022","PETRO&CHEMICALS"," 859.07151"
"Week 3","2022","METALS&MINERALS"," 464.79969"
"Week 3","2022","AUTOMOTIVE","  48.53677"
"Week 3","2022","COAL"," 394.47357"
"Week 3","2022","GRAIN & FERTS"," 974.39879"
"Week 3","2022","INTERMODAL"," 991.71514"
"Week 3","2022","RTMs TOTAL","4212.59320"
"Week 4","2022","FOREST PRODUCTS"," 497.40998"
"Week 4","2022","PETRO&CHEMICALS"," 948.40888"
"Week 4","2022","METALS&MINERALS"," 471.09818"
"Week 4","2022","AUTOMOTIVE","  45.85514"
"Week 4","2022","COAL"," 443.73432"
"Week 4","2022","GRAIN & FERTS"," 983.05326"
"Week 4","2022","INTERMODAL","1080.22638"
"Week 4","2022","RTMs TOTAL","4469.78614"
"Week 5","2022","FOREST PRODUCTS"," 393.62406"
"Week 5","2022","PETRO&CHEMICALS"," 829.83137"
"Week 5","2022","METALS&MINERALS"," 454.22707"
"Week 5","2022","AUTOMOTIVE","  41.08246"
"Week 5","2022","COAL"," 478.77223"
"Week 5","2022","GRAIN & FERTS"," 901.81814"
"Week 5","2022","INTERMODAL"," 984.30530"
"Week 5","2022","RTMs TOTAL","4083.66062"
"Week 6","2022","FOREST PRODUCTS"," 444.64685"
"Week 6","2022","PETRO&CHEMICALS"," 906.57214"
"Week 6","2022","METALS&MINERALS"," 474.90666"
"Week 6","2022","AUTOMOTIVE","  50.50292"
"Week 6","2022","COAL"," 416.71332"
"Week 6","2022","GRAIN & FERTS","1106.46489"
"Week 6","2022","INTERMODAL","1049.73239"
"Week 6","2022","RTMs TOTAL","4449.53916"
"Week 7","2022","FOREST PRODUCTS"," 444.74219"
"Week 7","2022","PETRO&CHEMICALS"," 909.75544"
"Week 7","2022","METALS&MINERALS"," 480.75028"
"Week 7","2022","AUTOMOTIVE","  45.84017"
"Week 7","2022","COAL"," 407.08307"
"Week 7","2022","GRAIN & FERTS","1042.17080"
"Week 7","2022","INTERMODAL","1003.81710"
"Week 7","2022","RTMs TOTAL","4334.15905"
"Week 8","2022","FOREST PRODUCTS"," 413.33798"
"Week 8","2022","PETRO&CHEMICALS"," 879.67447"
"Week 8","2022","METALS&MINERALS"," 421.68529"
"Week 8","2022","AUTOMOTIVE","  46.43668"
"Week 8","2022","COAL"," 429.83040"
"Week 8","2022","GRAIN & FERTS","1122.68502"
"Week 8","2022","INTERMODAL","1028.63639"
"Week 8","2022","RTMs TOTAL","4342.28621"
"Week 9","2022","FOREST PRODUCTS"," 454.99207"
"Week 9","2022","PETRO&CHEMICALS"," 912.27808"
"Week 9","2022","METALS&MINERALS"," 420.55377"
"Week 9","2022","AUTOMOTIVE","  52.56074"
"Week 9","2022","COAL"," 454.41589"
"Week 9","2022","GRAIN & FERTS","1110.18588"
"Week 9","2022","INTERMODAL","1100.13467"
"Week 9","2022","RTMs TOTAL","4505.12110"
"Week 10","2022","FOREST PRODUCTS"," 490.41384"
"Week 10","2022","PETRO&CHEMICALS"," 920.15351"
"Week 10","2022","METALS&MINERALS"," 611.49292"
"Week 10","2022","AUTOMOTIVE","  58.02629"
"Week 10","2022","COAL"," 460.30515"
"Week 10","2022","GRAIN & FERTS","1006.87802"
"Week 10","2022","INTERMODAL","1108.27639"
"Week 10","2022","RTMs TOTAL","4655.54612"
"Week 11","2022","FOREST PRODUCTS"," 487.29231"
"Week 11","2022","PETRO&CHEMICALS"," 962.79301"
"Week 11","2022","METALS&MINERALS"," 600.02690"
"Week 11","2022","AUTOMOTIVE","  59.00074"
"Week 11","2022","COAL"," 467.89077"
"Week 11","2022","GRAIN & FERTS","1108.88865"
"Week 11","2022","INTERMODAL","1126.50058"
"Week 11","2022","RTMs TOTAL","4812.39295"
"Week 12","2022","FOREST PRODUCTS"," 483.74493"
"Week 12","2022","PETRO&CHEMICALS","1028.62526"
"Week 12","2022","METALS&MINERALS"," 579.95370"
"Week 12","2022","AUTOMOTIVE","  61.04107"
"Week 12","2022","COAL"," 455.14201"
"Week 12","2022","GRAIN & FERTS","1240.55803"
"Week 12","2022","INTERMODAL","1228.80557"
"Week 12","2022","RTMs TOTAL","5077.87055"
"Week 13","2022","FOREST PRODUCTS"," 466.40951"
"Week 13","2022","PETRO&CHEMICALS"," 860.89158"
"Week 13","2022","METALS&MINERALS"," 555.67728"
"Week 13","2022","AUTOMOTIVE","  54.47005"
"Week 13","2022","COAL"," 494.28150"
"Week 13","2022","GRAIN & FERTS","1228.71491"
"Week 13","2022","INTERMODAL","1202.54215"
"Week 13","2022","RTMs TOTAL","4862.98697"
"Week 14","2022","FOREST PRODUCTS"," 473.37424"
"Week 14","2022","PETRO&CHEMICALS"," 961.31267"
"Week 14","2022","METALS&MINERALS"," 545.93596"
"Week 14","2022","AUTOMOTIVE","  55.93915"
"Week 14","2022","COAL"," 488.38839"
"Week 14","2022","GRAIN & FERTS","1143.95693"
"Week 14","2022","INTERMODAL","1289.89686"
"Week 14","2022","RTMs TOTAL","4958.80420"
"Week 15","2022","FOREST PRODUCTS"," 485.11398"
"Week 15","2022","PETRO&CHEMICALS"," 952.53400"
"Week 15","2022","METALS&MINERALS"," 554.76911"
"Week 15","2022","AUTOMOTIVE","  61.69923"
"Week 15","2022","COAL"," 506.36838"
"Week 15","2022","GRAIN & FERTS","1164.20776"
"Week 15","2022","INTERMODAL","1133.85835"
"Week 15","2022","RTMs TOTAL","4858.55081"
"Week 16","2022","FOREST PRODUCTS"," 551.17688"
"Week 16","2022","PETRO&CHEMICALS"," 876.27960"
"Week 16","2022","METALS&MINERALS"," 538.14593"
"Week 16","2022","AUTOMOTIVE","  67.41898"
"Week 16","2022","COAL"," 472.86284"
"Week 16","2022","GRAIN & FERTS","1053.83342"
"Week 16","2022","INTERMODAL","1200.26460"
"Week 16","2022","RTMs TOTAL","4759.98226"
"Week 17","2022","FOREST PRODUCTS"," 522.83565"
"Week 17","2022","PETRO&CHEMICALS"," 952.68659"
"Week 17","2022","METALS&MINERALS"," 624.30337"
"Week 17","2022","AUTOMOTIVE","  66.55006"
"Week 17","2022","COAL"," 502.62649"
"Week 17","2022","GRAIN & FERTS"," 956.90458"
"Week 17","2022","INTERMODAL","1224.41812"
"Week 17","2022","RTMs TOTAL","4850.32485"
"Week 18","2022","FOREST PRODUCTS"," 540.49228"
"Week 18","2022","PETRO&CHEMICALS"," 880.35819"
"Week 18","2022","METALS&MINERALS"," 500.40486"
"Week 18","2022","AUTOMOTIVE","  62.43282"
"Week 18","2022","COAL"," 496.56835"
"Week 18","2022","GRAIN & FERTS"," 989.64519"
"Week 18","2022","INTERMODAL","1272.98544"
"Week 18","2022","RTMs TOTAL","4742.88713"
"Week 19","2022","FOREST PRODUCTS"," 521.44414"
"Week 19","2022","PETRO&CHEMICALS"," 874.90772"
"Week 19","2022","METALS&MINERALS"," 528.58845"
"Week 19","2022","AUTOMOTIVE","  58.18865"
"Week 19","2022","COAL"," 548.97048"
"Week 19","2022","GRAIN & FERTS"," 888.59514"
"Week 19","2022","INTERMODAL","1214.04991"
"Week 19","2022","RTMs TOTAL","4634.74449"
"Week 20","2022","FOREST PRODUCTS"," 536.86193"
"Week 20","2022","PETRO&CHEMICALS","1009.54049"
"Week 20","2022","METALS&MINERALS"," 535.50898"
"Week 20","2022","AUTOMOTIVE","  56.52206"
"Week 20","2022","COAL"," 486.64239"
"Week 20","2022","GRAIN & FERTS"," 838.65342"
"Week 20","2022","INTERMODAL","1248.79289"
"Week 20","2022","RTMs TOTAL","4712.52217"
"Week 21","2022","FOREST PRODUCTS"," 517.94165"
"Week 21","2022","PETRO&CHEMICALS","1023.26358"
"Week 21","2022","METALS&MINERALS"," 514.99216"
"Week 21","2022","AUTOMOTIVE","  57.87051"
"Week 21","2022","COAL"," 462.50297"
"Week 21","2022","GRAIN & FERTS"," 939.21193"
"Week 21","2022","INTERMODAL","1081.82280"
"Week 21","2022","RTMs TOTAL","4597.60560"
"Week 22","2022","FOREST PRODUCTS"," 504.69518"
"Week 22","2022","PETRO&CHEMICALS"," 903.48814"
"Week 22","2022","METALS&MINERALS"," 617.63612"
"Week 22","2022","AUTOMOTIVE","  50.58129"
"Week 22","2022","COAL"," 397.87539"
"Week 22","2022","GRAIN & FERTS"," 831.32986"
"Week 22","2022","INTERMODAL"," 989.74261"
"Week 22","2022","RTMs TOTAL","4295.34860"
"Week 23","2022","FOREST PRODUCTS"," 500.26596"
"Week 23","2022","PETRO&CHEMICALS"," 912.48005"
"Week 23","2022","METALS&MINERALS"," 564.75128"
"Week 23","2022","AUTOMOTIVE","  52.39925"
"Week 23","2022","COAL"," 429.03828"
"Week 23","2022","GRAIN & FERTS"," 965.96834"
"Week 23","2022","INTERMODAL","1139.01890"
"Week 23","2022","RTMs TOTAL","4563.92207"
"Week 24","2022","FOREST PRODUCTS"," 504.26376"
"Week 24","2022","PETRO&CHEMICALS","1022.45570"
"Week 24","2022","METALS&MINERALS"," 462.85923"
"Week 24","2022","AUTOMOTIVE","  54.34112"
"Week 24","2022","COAL"," 429.24480"
"Week 24","2022","GRAIN & FERTS"," 833.46184"
"Week 24","2022","INTERMODAL","1062.76405"
"Week 24","2022","RTMs TOTAL","4369.39050"
"Week 25","2022","FOREST PRODUCTS"," 494.79659"
"Week 25","2022","PETRO&CHEMICALS"," 977.82945"
"Week 25","2022","METALS&MINERALS"," 592.49319"
"Week 25","2022","AUTOMOTIVE","  54.75717"
"Week 25","2022","COAL"," 430.33106"
"Week 25","2022","GRAIN & FERTS"," 965.05006"
"Week 25","2022","INTERMODAL","1079.31942"
"Week 25","2022","RTMs TOTAL","4594.57696"
"Week 26","2022","FOREST PRODUCTS"," 471.36597"
"Week 26","2022","PETRO&CHEMICALS","1003.54116"
"Week 26","2022","METALS&MINERALS"," 597.50664"
"Week 26","2022","AUTOMOTIVE","  61.19199"
"Week 26","2022","COAL"," 453.62611"
"Week 26","2022","GRAIN & FERTS"," 797.42610"
"Week 26","2022","INTERMODAL"," 970.87710"
"Week 26","2022","RTMs TOTAL","4355.53507"
"Week 27","2022","FOREST PRODUCTS"," 532.91854"
"Week 27","2022","PETRO&CHEMICALS"," 906.49024"
"Week 27","2022","METALS&MINERALS"," 549.83667"
"Week 27","2022","AUTOMOTIVE","  39.86076"
"Week 27","2022","COAL"," 371.65583"
"Week 27","2022","GRAIN & FERTS"," 909.34287"
"Week 27","2022","INTERMODAL","1007.75148"
"Week 27","2022","RTMs TOTAL","4317.85639"
"Week 28","2022","FOREST PRODUCTS"," 488.4561"
"Week 28","2022","PETRO&CHEMICALS","1025.5986"
"Week 28","2022","METALS&MINERALS"," 593.9456"
"Week 28","2022","AUTOMOTIVE","  54.4384"
"Week 28","2022","COAL"," 463.1443"
"Week 28","2022","GRAIN & FERTS"," 940.2209"
"Week 28","2022","INTERMODAL","1083.1445"
"Week 28","2022","RTMs TOTAL","4648.9485"
"Week 29","2022","FOREST PRODUCTS"," 483.95710"
"Week 29","2022","PETRO&CHEMICALS"," 927.86779"
"Week 29","2022","METALS&MINERALS"," 573.29124"
"Week 29","2022","AUTOMOTIVE","  52.86494"
"Week 29","2022","COAL"," 467.57714"
"Week 29","2022","GRAIN & FERTS"," 884.16367"
"Week 29","2022","INTERMODAL","1075.89294"
"Week 29","2022","RTMs TOTAL","4465.61481"
"Week 30","2022","FOREST PRODUCTS"," 520.57221"
"Week 30","2022","PETRO&CHEMICALS"," 909.99565"
"Week 30","2022","METALS&MINERALS"," 567.11478"
"Week 30","2022","AUTOMOTIVE","  54.24149"
"Week 30","2022","COAL"," 418.15881"
"Week 30","2022","GRAIN & FERTS"," 865.88985"
"Week 30","2022","INTERMODAL","1095.65663"
"Week 30","2022","RTMs TOTAL","4431.62941"
"Week 31","2022","FOREST PRODUCTS"," 470.86028"
"Week 31","2022","PETRO&CHEMICALS"," 881.86775"
"Week 31","2022","METALS&MINERALS"," 543.75000"
"Week 31","2022","AUTOMOTIVE","  51.29536"
"Week 31","2022","COAL"," 493.34387"
"Week 31","2022","GRAIN & FERTS"," 740.62405"
"Week 31","2022","INTERMODAL","1107.13348"
"Week 31","2022","RTMs TOTAL","4288.87480"
"Week 32","2022","FOREST PRODUCTS"," 499.84763"
"Week 32","2022","PETRO&CHEMICALS"," 931.59642"
"Week 32","2022","METALS&MINERALS"," 520.59291"
"Week 32","2022","AUTOMOTIVE","  56.70754"
"Week 32","2022","COAL"," 452.42873"
"Week 32","2022","GRAIN & FERTS"," 663.24793"
"Week 32","2022","INTERMODAL","1173.43228"
"Week 32","2022","RTMs TOTAL","4297.85343"
"Week 33","2022","FOREST PRODUCTS"," 525.8645"
"Week 33","2022","PETRO&CHEMICALS"," 905.4600"
"Week 33","2022","METALS&MINERALS"," 592.0079"
"Week 33","2022","AUTOMOTIVE","  56.7271"
"Week 33","2022","COAL"," 545.2791"
"Week 33","2022","GRAIN & FERTS"," 782.1469"
"Week 33","2022","INTERMODAL","1159.5600"
"Week 33","2022","RTMs TOTAL","4567.0454"
"Week 34","2022","FOREST PRODUCTS"," 517.13304"
"Week 34","2022","PETRO&CHEMICALS"," 868.20141"
"Week 34","2022","METALS&MINERALS"," 588.27702"
"Week 34","2022","AUTOMOTIVE","  56.68844"
"Week 34","2022","COAL"," 497.97739"
"Week 34","2022","GRAIN & FERTS"," 773.69366"
"Week 34","2022","INTERMODAL","1129.43208"
"Week 34","2022","RTMs TOTAL","4431.40304"
"Week 35","2022","FOREST PRODUCTS"," 524.56152"
"Week 35","2022","PETRO&CHEMICALS"," 890.11626"
"Week 35","2022","METALS&MINERALS"," 586.09683"
"Week 35","2022","AUTOMOTIVE","  62.48154"
"Week 35","2022","COAL"," 443.10229"
"Week 35","2022","GRAIN & FERTS"," 759.63976"
"Week 35","2022","INTERMODAL","1153.08301"
"Week 35","2022","RTMs TOTAL","4419.08121"
"Week 36","2022","FOREST PRODUCTS"," 487.86276"
"Week 36","2022","PETRO&CHEMICALS"," 821.99921"
"Week 36","2022","METALS&MINERALS"," 531.54656"
"Week 36","2022","AUTOMOTIVE","  56.81177"
"Week 36","2022","COAL"," 453.36719"
"Week 36","2022","GRAIN & FERTS"," 946.28463"
"Week 36","2022","INTERMODAL","1003.58183"
"Week 36","2022","RTMs TOTAL","4301.45394"
"Week 37","2022","FOREST PRODUCTS"," 513.29455"
"Week 37","2022","PETRO&CHEMICALS"," 843.77447"
"Week 37","2022","METALS&MINERALS"," 579.21961"
"Week 37","2022","AUTOMOTIVE","  56.91735"
"Week 37","2022","COAL"," 411.55637"
"Week 37","2022","GRAIN & FERTS","1184.54565"
"Week 37","2022","INTERMODAL","1172.47102"
"Week 37","2022","RTMs TOTAL","4761.77902"
"Week 38","2022","FOREST PRODUCTS"," 521.01744"
"Week 38","2022","PETRO&CHEMICALS"," 807.58786"
"Week 38","2022","METALS&MINERALS"," 545.59081"
"Week 38","2022","AUTOMOTIVE","  55.20225"
"Week 38","2022","COAL"," 336.92512"
"Week 38","2022","GRAIN & FERTS","1110.69475"
"Week 38","2022","INTERMODAL","1012.61361"
"Week 38","2022","RTMs TOTAL","4389.63183"
"Week 39","2022","FOREST PRODUCTS"," 479.43110"
"Week 39","2022","PETRO&CHEMICALS"," 826.28209"
"Week 39","2022","METALS&MINERALS"," 570.92526"
"Week 39","2022","AUTOMOTIVE","  54.15212"
"Week 39","2022","COAL"," 364.19977"
"Week 39","2022","GRAIN & FERTS","1268.87540"
"Week 39","2022","INTERMODAL","1105.96375"
"Week 39","2022","RTMs TOTAL","4669.82949"
"Week 40","2022","FOREST PRODUCTS"," 491.77408"
"Week 40","2022","PETRO&CHEMICALS"," 826.09752"
"Week 40","2022","METALS&MINERALS"," 474.20424"
"Week 40","2022","AUTOMOTIVE","  51.58969"
"Week 40","2022","COAL"," 381.91620"
"Week 40","2022","GRAIN & FERTS","1395.68973"
"Week 40","2022","INTERMODAL","1120.34297"
"Week 40","2022","RTMs TOTAL","4741.61442"
"Week 41","2022","FOREST PRODUCTS"," 454.89240"
"Week 41","2022","PETRO&CHEMICALS"," 793.84245"
"Week 41","2022","METALS&MINERALS"," 489.14712"
"Week 41","2022","AUTOMOTIVE","  53.64473"
"Week 41","2022","COAL"," 409.41936"
"Week 41","2022","GRAIN & FERTS","1468.20303"
"Week 41","2022","INTERMODAL","1044.88006"
"Week 41","2022","RTMs TOTAL","4714.02916"
"Week 42","2022","FOREST PRODUCTS"," 497.84841"
"Week 42","2022","PETRO&CHEMICALS"," 787.65963"
"Week 42","2022","METALS&MINERALS"," 622.59582"
"Week 42","2022","AUTOMOTIVE","  56.75509"
"Week 42","2022","COAL"," 446.20863"
"Week 42","2022","GRAIN & FERTS","1541.50272"
"Week 42","2022","INTERMODAL","1076.41399"
"Week 42","2022","RTMs TOTAL","5028.98429"
"Week 43","2022","FOREST PRODUCTS"," 487.7782"
"Week 43","2022","PETRO&CHEMICALS"," 838.7039"
"Week 43","2022","METALS&MINERALS"," 645.2279"
"Week 43","2022","AUTOMOTIVE","  62.3090"
"Week 43","2022","COAL"," 459.5298"
"Week 43","2022","GRAIN & FERTS","1332.7743"
"Week 43","2022","INTERMODAL","1065.4655"
"Week 43","2022","RTMs TOTAL","4891.7887"
"Week 44","2022","FOREST PRODUCTS"," 492.33599"
"Week 44","2022","PETRO&CHEMICALS"," 812.03479"
"Week 44","2022","METALS&MINERALS"," 575.18669"
"Week 44","2022","AUTOMOTIVE","  58.49161"
"Week 44","2022","COAL"," 499.13068"
"Week 44","2022","GRAIN & FERTS","1373.25094"
"Week 44","2022","INTERMODAL","1040.39649"
"Week 44","2022","RTMs TOTAL","4850.82720"
"Week 45","2022","FOREST PRODUCTS"," 456.40344"
"Week 45","2022","PETRO&CHEMICALS"," 814.17363"
"Week 45","2022","METALS&MINERALS"," 481.01508"
"Week 45","2022","AUTOMOTIVE","  55.58116"
"Week 45","2022","COAL"," 390.82900"
"Week 45","2022","GRAIN & FERTS","1336.59714"
"Week 45","2022","INTERMODAL","1013.08302"
"Week 45","2022","RTMs TOTAL","4547.68246"
"Week 46","2022","FOREST PRODUCTS"," 490.69789"
"Week 46","2022","PETRO&CHEMICALS"," 820.01279"
"Week 46","2022","METALS&MINERALS"," 573.06621"
"Week 46","2022","AUTOMOTIVE","  55.43087"
"Week 46","2022","COAL"," 439.13480"
"Week 46","2022","GRAIN & FERTS","1444.36290"
"Week 46","2022","INTERMODAL","1053.70699"
"Week 46","2022","RTMs TOTAL","4876.41244"
"Week 47","2022","FOREST PRODUCTS"," 477.18595"
"Week 47","2022","PETRO&CHEMICALS"," 845.50512"
"Week 47","2022","METALS&MINERALS"," 480.42449"
"Week 47","2022","AUTOMOTIVE","  51.51333"
"Week 47","2022","COAL"," 523.47889"
"Week 47","2022","GRAIN & FERTS","1402.54994"
"Week 47","2022","INTERMODAL"," 979.87685"
"Week 47","2022","RTMs TOTAL","4760.53458"
"Week 48","2022","FOREST PRODUCTS"," 467.69939"
"Week 48","2022","PETRO&CHEMICALS"," 874.28393"
"Week 48","2022","METALS&MINERALS"," 481.86905"
"Week 48","2022","AUTOMOTIVE","  56.39945"
"Week 48","2022","COAL"," 403.21296"
"Week 48","2022","GRAIN & FERTS","1450.66366"
"Week 48","2022","INTERMODAL","1044.85890"
"Week 48","2022","RTMs TOTAL","4778.98733"
"Week 49","2022","FOREST PRODUCTS"," 471.36564"
"Week 49","2022","PETRO&CHEMICALS"," 805.15687"
"Week 49","2022","METALS&MINERALS"," 577.32031"
"Week 49","2022","AUTOMOTIVE","  55.49487"
"Week 49","2022","COAL"," 500.15290"
"Week 49","2022","GRAIN & FERTS","1279.09139"
"Week 49","2022","INTERMODAL","1004.73285"
"Week 49","2022","RTMs TOTAL","4693.31484"
"Week 50","2022","FOREST PRODUCTS"," 455.92156"
"Week 50","2022","PETRO&CHEMICALS"," 843.74641"
"Week 50","2022","METALS&MINERALS"," 508.59139"
"Week 50","2022","AUTOMOTIVE","  53.69484"
"Week 50","2022","COAL"," 418.44618"
"Week 50","2022","GRAIN & FERTS","1420.80450"
"Week 50","2022","INTERMODAL","1005.52126"
"Week 50","2022","RTMs TOTAL","4706.72613"
"Week 51","2022","FOREST PRODUCTS"," 357.46772"
"Week 51","2022","PETRO&CHEMICALS"," 713.24549"
"Week 51","2022","METALS&MINERALS"," 421.07592"
"Week 51","2022","AUTOMOTIVE","  48.47123"
"Week 51","2022","COAL"," 218.11066"
"Week 51","2022","GRAIN & FERTS","1062.95175"
"Week 51","2022","INTERMODAL"," 711.72900"
"Week 51","2022","RTMs TOTAL","3533.05177"
"Week 52","2022","FOREST PRODUCTS"," 308.21381"
"Week 52","2022","PETRO&CHEMICALS"," 781.10702"
"Week 52","2022","METALS&MINERALS"," 416.32715"
"Week 52","2022","AUTOMOTIVE","  32.95625"
"Week 52","2022","COAL"," 271.35512"
"Week 52","2022","GRAIN & FERTS"," 974.88181"
"Week 52","2022","INTERMODAL"," 753.84082"
"Week 52","2022","RTMs TOTAL","3538.68198"
"Week 1","2023","FOREST PRODUCTS"," 408.66803"
"Week 1","2023","PETRO&CHEMICALS"," 802.64817"
"Week 1","2023","METALS&MINERALS"," 449.22748"
"Week 1","2023","AUTOMOTIVE","  37.97995"
"Week 1","2023","COAL"," 405.98330"
"Week 1","2023","GRAIN & FERTS","1216.13115"
"Week 1","2023","INTERMODAL"," 838.49657"
"Week 1","2023","RTMs TOTAL","4159.13464"
"Week 2","2023","FOREST PRODUCTS"," 474.77672"
"Week 2","2023","PETRO&CHEMICALS"," 860.84428"
"Week 2","2023","METALS&MINERALS"," 573.74477"
"Week 2","2023","AUTOMOTIVE","  55.10901"
"Week 2","2023","COAL"," 445.27892"
"Week 2","2023","GRAIN & FERTS","1440.81149"
"Week 2","2023","INTERMODAL","1041.33190"
"Week 2","2023","RTMs TOTAL","4891.89709"
"Week 3","2023","FOREST PRODUCTS"," 461.63350"
"Week 3","2023","PETRO&CHEMICALS"," 898.30689"
"Week 3","2023","METALS&MINERALS"," 629.26033"
"Week 3","2023","AUTOMOTIVE","  55.83926"
"Week 3","2023","COAL"," 450.92335"
"Week 3","2023","GRAIN & FERTS","1327.62249"
"Week 3","2023","INTERMODAL"," 902.01370"
"Week 3","2023","RTMs TOTAL","4725.59951"
"Week 4","2023","FOREST PRODUCTS"," 475.56022"
"Week 4","2023","PETRO&CHEMICALS"," 897.56000"
"Week 4","2023","METALS&MINERALS"," 586.90578"
"Week 4","2023","AUTOMOTIVE","  54.28097"
"Week 4","2023","COAL"," 429.74664"
"Week 4","2023","GRAIN & FERTS","1329.00774"
"Week 4","2023","INTERMODAL","1045.02318"
"Week 4","2023","RTMs TOTAL","4818.08453"
"Week 5","2023","FOREST PRODUCTS"," 456.74025"
"Week 5","2023","PETRO&CHEMICALS"," 847.61459"
"Week 5","2023","METALS&MINERALS"," 463.67181"
"Week 5","2023","AUTOMOTIVE","  52.33575"
"Week 5","2023","COAL"," 462.15990"
"Week 5","2023","GRAIN & FERTS","1284.49921"
"Week 5","2023","INTERMODAL"," 963.02673"
"Week 5","2023","RTMs TOTAL","4530.04823"
"Week 6","2023","FOREST PRODUCTS"," 443.31105"
"Week 6","2023","PETRO&CHEMICALS"," 901.21945"
"Week 6","2023","METALS&MINERALS"," 580.84454"
"Week 6","2023","AUTOMOTIVE","  48.15474"
"Week 6","2023","COAL"," 443.45819"
"Week 6","2023","GRAIN & FERTS","1442.36978"
"Week 6","2023","INTERMODAL"," 972.01644"
"Week 6","2023","RTMs TOTAL","4831.37420"
"Week 7","2023","FOREST PRODUCTS"," 492.69301"
"Week 7","2023","PETRO&CHEMICALS"," 903.55406"
"Week 7","2023","METALS&MINERALS"," 626.28066"
"Week 7","2023","AUTOMOTIVE","  50.69463"
"Week 7","2023","COAL"," 456.44838"
"Week 7","2023","GRAIN & FERTS","1398.13257"
"Week 7","2023","INTERMODAL"," 965.34935"
"Week 7","2023","RTMs TOTAL","4893.15266"
"Week 8","2023","FOREST PRODUCTS"," 454.6527"
"Week 8","2023","PETRO&CHEMICALS"," 853.3141"
"Week 8","2023","METALS&MINERALS"," 545.3094"
"Week 8","2023","AUTOMOTIVE","  48.3055"
"Week 8","2023","COAL"," 445.1477"
"Week 8","2023","GRAIN & FERTS","1173.6764"
"Week 8","2023","INTERMODAL"," 923.6385"
"Week 8","2023","RTMs TOTAL","4444.0443"
"Week 9","2023","FOREST PRODUCTS"," 486.92329"
"Week 9","2023","PETRO&CHEMICALS"," 837.31552"
"Week 9","2023","METALS&MINERALS"," 577.22237"
"Week 9","2023","AUTOMOTIVE","  58.71434"
"Week 9","2023","COAL"," 449.23965"
"Week 9","2023","GRAIN & FERTS","1357.28586"
"Week 9","2023","INTERMODAL"," 957.78594"
"Week 9","2023","RTMs TOTAL","4724.48696"
"Week 10","2023","FOREST PRODUCTS"," 482.55607"
"Week 10","2023","PETRO&CHEMICALS"," 883.31284"
"Week 10","2023","METALS&MINERALS"," 491.91124"
"Week 10","2023","AUTOMOTIVE","  56.80753"
"Week 10","2023","COAL"," 467.12338"
"Week 10","2023","GRAIN & FERTS","1353.79283"
"Week 10","2023","INTERMODAL"," 967.64945"
"Week 10","2023","RTMs TOTAL","4703.15335"
"Week 11","2023","FOREST PRODUCTS"," 471.20970"
"Week 11","2023","PETRO&CHEMICALS"," 798.79842"
"Week 11","2023","METALS&MINERALS"," 552.19160"
"Week 11","2023","AUTOMOTIVE","  55.48945"
"Week 11","2023","COAL"," 445.75547"
"Week 11","2023","GRAIN & FERTS","1409.89983"
"Week 11","2023","INTERMODAL"," 900.66611"
"Week 11","2023","RTMs TOTAL","4634.01057"
"Week 12","2023","FOREST PRODUCTS"," 503.2089"
"Week 12","2023","PETRO&CHEMICALS"," 826.0741"
"Week 12","2023","METALS&MINERALS"," 597.5815"
"Week 12","2023","AUTOMOTIVE","  51.7408"
"Week 12","2023","COAL"," 494.0062"
"Week 12","2023","GRAIN & FERTS","1272.2148"
"Week 12","2023","INTERMODAL"," 960.8377"
"Week 12","2023","RTMs TOTAL","4705.6640"
"Week 13","2023","FOREST PRODUCTS"," 482.68787"
"Week 13","2023","PETRO&CHEMICALS"," 818.76770"
"Week 13","2023","METALS&MINERALS"," 513.32603"
"Week 13","2023","AUTOMOTIVE","  54.23648"
"Week 13","2023","COAL"," 559.05308"
"Week 13","2023","GRAIN & FERTS","1196.30859"
"Week 13","2023","INTERMODAL"," 910.81427"
"Week 13","2023","RTMs TOTAL","4535.19403"
"Week 14","2023","FOREST PRODUCTS"," 438.18934"
"Week 14","2023","PETRO&CHEMICALS"," 783.68933"
"Week 14","2023","METALS&MINERALS"," 564.39362"
"Week 14","2023","AUTOMOTIVE","  57.68587"
"Week 14","2023","COAL"," 482.57339"
"Week 14","2023","GRAIN & FERTS","1306.52651"
"Week 14","2023","INTERMODAL"," 902.98390"
"Week 14","2023","RTMs TOTAL","4536.04195"
"Week 15","2023","FOREST PRODUCTS"," 474.53636"
"Week 15","2023","PETRO&CHEMICALS"," 818.33276"
"Week 15","2023","METALS&MINERALS"," 509.57620"
"Week 15","2023","AUTOMOTIVE","  66.80817"
"Week 15","2023","COAL"," 540.91894"
"Week 15","2023","GRAIN & FERTS","1310.94764"
"Week 15","2023","INTERMODAL"," 941.79062"
"Week 15","2023","RTMs TOTAL","4662.91071"
"Week 16","2023","FOREST PRODUCTS"," 497.79734"
"Week 16","2023","PETRO&CHEMICALS"," 820.26350"
"Week 16","2023","METALS&MINERALS"," 559.76119"
"Week 16","2023","AUTOMOTIVE","  57.84363"
"Week 16","2023","COAL"," 509.35786"
"Week 16","2023","GRAIN & FERTS","1233.59311"
"Week 16","2023","INTERMODAL"," 999.53378"
"Week 16","2023","RTMs TOTAL","4678.15040"
"Week 17","2023","FOREST PRODUCTS"," 470.63901"
"Week 17","2023","PETRO&CHEMICALS"," 822.32435"
"Week 17","2023","METALS&MINERALS"," 494.38023"
"Week 17","2023","AUTOMOTIVE","  60.48149"
"Week 17","2023","COAL"," 478.75324"
"Week 17","2023","GRAIN & FERTS","1149.51035"
"Week 17","2023","INTERMODAL"," 975.78376"
"Week 17","2023","RTMs TOTAL","4451.87242"
"Week 18","2023","FOREST PRODUCTS"," 442.37046"
"Week 18","2023","PETRO&CHEMICALS"," 773.93702"
"Week 18","2023","METALS&MINERALS"," 507.82356"
"Week 18","2023","AUTOMOTIVE","  61.69422"
"Week 18","2023","COAL"," 421.60305"
"Week 18","2023","GRAIN & FERTS"," 999.77498"
"Week 18","2023","INTERMODAL"," 957.59570"
"Week 18","2023","RTMs TOTAL","4164.79898"
"Week 19","2023","FOREST PRODUCTS"," 440.94765"
"Week 19","2023","PETRO&CHEMICALS"," 828.23167"
"Week 19","2023","METALS&MINERALS"," 503.87168"
"Week 19","2023","AUTOMOTIVE","  67.69763"
"Week 19","2023","COAL"," 454.03650"
"Week 19","2023","GRAIN & FERTS","1082.84166"
"Week 19","2023","INTERMODAL"," 971.54684"
"Week 19","2023","RTMs TOTAL","4349.17363"
"Week 20","2023","FOREST PRODUCTS"," 458.53279"
"Week 20","2023","PETRO&CHEMICALS"," 806.95999"
"Week 20","2023","METALS&MINERALS"," 368.55136"
"Week 20","2023","AUTOMOTIVE","  65.46465"
"Week 20","2023","COAL"," 466.60645"
"Week 20","2023","GRAIN & FERTS"," 982.84189"
"Week 20","2023","INTERMODAL","1027.44580"
"Week 20","2023","RTMs TOTAL","4176.40292"
"Week 21","2023","FOREST PRODUCTS"," 415.4827"
"Week 21","2023","PETRO&CHEMICALS"," 802.7247"
"Week 21","2023","METALS&MINERALS"," 488.5934"
"Week 21","2023","AUTOMOTIVE","  56.3866"
"Week 21","2023","COAL"," 453.2065"
"Week 21","2023","GRAIN & FERTS","1079.9015"
"Week 21","2023","INTERMODAL","1035.9220"
"Week 21","2023","RTMs TOTAL","4332.2173"
"Week 22","2023","FOREST PRODUCTS"," 433.72582"
"Week 22","2023","PETRO&CHEMICALS"," 778.58543"
"Week 22","2023","METALS&MINERALS"," 538.76318"
"Week 22","2023","AUTOMOTIVE","  62.16036"
"Week 22","2023","COAL"," 475.64013"
"Week 22","2023","GRAIN & FERTS"," 814.00308"
"Week 22","2023","INTERMODAL","1000.06922"
"Week 22","2023","RTMs TOTAL","4102.94722"
"Week 23","2023","FOREST PRODUCTS"," 424.27064"
"Week 23","2023","PETRO&CHEMICALS"," 821.83652"
"Week 23","2023","METALS&MINERALS"," 477.33451"
"Week 23","2023","AUTOMOTIVE","  58.66146"
"Week 23","2023","COAL"," 398.26878"
"Week 23","2023","GRAIN & FERTS"," 967.94015"
"Week 23","2023","INTERMODAL"," 948.19994"
"Week 23","2023","RTMs TOTAL","4096.51200"
"Week 24","2023","FOREST PRODUCTS"," 433.65812"
"Week 24","2023","PETRO&CHEMICALS"," 776.07931"
"Week 24","2023","METALS&MINERALS"," 600.06695"
"Week 24","2023","AUTOMOTIVE","  59.40402"
"Week 24","2023","COAL"," 427.43161"
"Week 24","2023","GRAIN & FERTS"," 879.01020"
"Week 24","2023","INTERMODAL"," 974.32791"
"Week 24","2023","RTMs TOTAL","4149.97812"
"Week 25","2023","FOREST PRODUCTS"," 431.76906"
"Week 25","2023","PETRO&CHEMICALS"," 787.45627"
"Week 25","2023","METALS&MINERALS"," 550.41994"
"Week 25","2023","AUTOMOTIVE","  58.50021"
"Week 25","2023","COAL"," 403.74584"
"Week 25","2023","GRAIN & FERTS"," 892.88512"
"Week 25","2023","INTERMODAL"," 957.69723"
"Week 25","2023","RTMs TOTAL","4082.47368"
"Week 26","2023","FOREST PRODUCTS"," 406.3229"
"Week 26","2023","PETRO&CHEMICALS"," 795.9817"
"Week 26","2023","METALS&MINERALS"," 628.2131"
"Week 26","2023","AUTOMOTIVE","  61.8946"
"Week 26","2023","COAL"," 394.5851"
"Week 26","2023","GRAIN & FERTS"," 935.1904"
"Week 26","2023","INTERMODAL"," 899.6797"
"Week 26","2023","RTMs TOTAL","4121.8675"
"Week 27","2023","FOREST PRODUCTS"," 412.20952"
"Week 27","2023","PETRO&CHEMICALS"," 750.15165"
"Week 27","2023","METALS&MINERALS"," 582.98972"
"Week 27","2023","AUTOMOTIVE","  60.35133"
"Week 27","2023","COAL"," 378.00728"
"Week 27","2023","GRAIN & FERTS","1009.99986"
"Week 27","2023","INTERMODAL"," 415.64296"
"Week 27","2023","RTMs TOTAL","3609.35232"
"Week 28","2023","FOREST PRODUCTS"," 456.77306"
"Week 28","2023","PETRO&CHEMICALS"," 708.67454"
"Week 28","2023","METALS&MINERALS"," 609.38807"
"Week 28","2023","AUTOMOTIVE","  57.83217"
"Week 28","2023","COAL"," 491.01800"
"Week 28","2023","GRAIN & FERTS"," 951.72300"
"Week 28","2023","INTERMODAL"," 581.68658"
"Week 28","2023","RTMs TOTAL","3857.09542"
"Week 29","2023","FOREST PRODUCTS"," 422.21685"
"Week 29","2023","PETRO&CHEMICALS"," 797.01322"
"Week 29","2023","METALS&MINERALS"," 668.70618"
"Week 29","2023","AUTOMOTIVE","  65.10379"
"Week 29","2023","COAL"," 384.47405"
"Week 29","2023","GRAIN & FERTS","1150.89104"
"Week 29","2023","INTERMODAL"," 943.95794"
"Week 29","2023","RTMs TOTAL","4432.36307"
"Week 30","2023","FOREST PRODUCTS"," 452.65861"
"Week 30","2023","PETRO&CHEMICALS"," 759.33743"
"Week 30","2023","METALS&MINERALS"," 514.86129"
"Week 30","2023","AUTOMOTIVE","  55.52069"
"Week 30","2023","COAL"," 391.07410"
"Week 30","2023","GRAIN & FERTS","1117.15669"
"Week 30","2023","INTERMODAL"," 925.92183"
"Week 30","2023","RTMs TOTAL","4216.53062"
"Week 31","2023","FOREST PRODUCTS"," 428.0864"
"Week 31","2023","PETRO&CHEMICALS"," 802.3701"
"Week 31","2023","METALS&MINERALS"," 568.3193"
"Week 31","2023","AUTOMOTIVE","  61.9026"
"Week 31","2023","COAL"," 455.7843"
"Week 31","2023","GRAIN & FERTS","1009.2509"
"Week 31","2023","INTERMODAL"," 965.4746"
"Week 31","2023","RTMs TOTAL","4291.1882"
"Week 32","2023","FOREST PRODUCTS"," 416.02715"
"Week 32","2023","PETRO&CHEMICALS"," 828.43830"
"Week 32","2023","METALS&MINERALS"," 625.16084"
"Week 32","2023","AUTOMOTIVE","  67.56639"
"Week 32","2023","COAL"," 370.57558"
"Week 32","2023","GRAIN & FERTS"," 914.33445"
"Week 32","2023","INTERMODAL"," 872.48056"
"Week 32","2023","RTMs TOTAL","4094.58328"
"Week 33","2023","FOREST PRODUCTS"," 434.27643"
"Week 33","2023","PETRO&CHEMICALS"," 797.96355"
"Week 33","2023","METALS&MINERALS"," 595.55138"
"Week 33","2023","AUTOMOTIVE","  62.39102"
"Week 33","2023","COAL"," 411.70692"
"Week 33","2023","GRAIN & FERTS"," 989.09915"
"Week 33","2023","INTERMODAL"," 960.33806"
"Week 33","2023","RTMs TOTAL","4251.32650"
"Week 34","2023","FOREST PRODUCTS"," 459.14135"
"Week 34","2023","PETRO&CHEMICALS"," 829.32071"
"Week 34","2023","METALS&MINERALS"," 514.93328"
"Week 34","2023","AUTOMOTIVE","  60.47888"
"Week 34","2023","COAL"," 401.20988"
"Week 34","2023","GRAIN & FERTS","1061.89277"
"Week 34","2023","INTERMODAL"," 860.75445"
"Week 34","2023","RTMs TOTAL","4187.73133"
"Week 35","2023","FOREST PRODUCTS"," 477.9519"
"Week 35","2023","PETRO&CHEMICALS"," 827.8115"
"Week 35","2023","METALS&MINERALS"," 576.1906"
"Week 35","2023","AUTOMOTIVE","  60.5024"
"Week 35","2023","COAL"," 361.4270"
"Week 35","2023","GRAIN & FERTS","1087.2036"
"Week 35","2023","INTERMODAL"," 846.6700"
"Week 35","2023","RTMs TOTAL","4237.7570"
"Week 36","2023","FOREST PRODUCTS"," 421.91738"
"Week 36","2023","PETRO&CHEMICALS"," 825.90069"
"Week 36","2023","METALS&MINERALS"," 571.79369"
"Week 36","2023","AUTOMOTIVE","  61.96599"
"Week 36","2023","COAL"," 476.06029"
"Week 36","2023","GRAIN & FERTS","1116.32975"
"Week 36","2023","INTERMODAL"," 829.43939"
"Week 36","2023","RTMs TOTAL","4303.40719"
"Week 37","2023","FOREST PRODUCTS"," 453.11523"
"Week 37","2023","PETRO&CHEMICALS"," 857.56252"
"Week 37","2023","METALS&MINERALS"," 520.32690"
"Week 37","2023","AUTOMOTIVE","  64.22858"
"Week 37","2023","COAL"," 458.12219"
"Week 37","2023","GRAIN & FERTS","1157.94629"
"Week 37","2023","INTERMODAL"," 919.41972"
"Week 37","2023","RTMs TOTAL","4430.72143"
"Week 38","2023","FOREST PRODUCTS"," 447.72178"
"Week 38","2023","PETRO&CHEMICALS"," 816.82096"
"Week 38","2023","METALS&MINERALS"," 531.17191"
"Week 38","2023","AUTOMOTIVE","  68.63555"
"Week 38","2023","COAL"," 420.62093"
"Week 38","2023","GRAIN & FERTS","1360.50359"
"Week 38","2023","INTERMODAL"," 977.00921"
"Week 38","2023","RTMs TOTAL","4622.48394"
"Week 39","2023","FOREST PRODUCTS"," 426.14194"
"Week 39","2023","PETRO&CHEMICALS"," 788.05608"
"Week 39","2023","METALS&MINERALS"," 634.70224"
"Week 39","2023","AUTOMOTIVE","  72.16369"
"Week 39","2023","COAL"," 424.03747"
"Week 39","2023","GRAIN & FERTS","1502.29187"
"Week 39","2023","INTERMODAL"," 904.89198"
"Week 39","2023","RTMs TOTAL","4752.28527"
"Week 40","2023","FOREST PRODUCTS"," 453.26573"
"Week 40","2023","PETRO&CHEMICALS"," 810.61134"
"Week 40","2023","METALS&MINERALS"," 599.29354"
"Week 40","2023","AUTOMOTIVE","  71.42833"
"Week 40","2023","COAL"," 418.30479"
"Week 40","2023","GRAIN & FERTS","1466.61271"
"Week 40","2023","INTERMODAL"," 940.44673"
"Week 40","2023","RTMs TOTAL","4759.96316"
"Week 41","2023","FOREST PRODUCTS"," 415.21234"
"Week 41","2023","PETRO&CHEMICALS"," 838.05248"
"Week 41","2023","METALS&MINERALS"," 629.89372"
"Week 41","2023","AUTOMOTIVE","  61.48589"
"Week 41","2023","COAL"," 411.84830"
"Week 41","2023","GRAIN & FERTS","1505.69439"
"Week 41","2023","INTERMODAL"," 866.54799"
"Week 41","2023","RTMs TOTAL","4728.73509"
"Week 42","2023","FOREST PRODUCTS"," 436.81902"
"Week 42","2023","PETRO&CHEMICALS"," 839.25484"
"Week 42","2023","METALS&MINERALS"," 573.95666"
"Week 42","2023","AUTOMOTIVE","  77.33359"
"Week 42","2023","COAL"," 420.31391"
"Week 42","2023","GRAIN & FERTS","1569.08972"
"Week 42","2023","INTERMODAL"," 911.84275"
"Week 42","2023","RTMs TOTAL","4828.61048"
"Week 43","2023","FOREST PRODUCTS"," 413.95728"
"Week 43","2023","PETRO&CHEMICALS"," 883.51841"
"Week 43","2023","METALS&MINERALS"," 574.24861"
"Week 43","2023","AUTOMOTIVE","  71.16796"
"Week 43","2023","COAL"," 422.05682"
"Week 43","2023","GRAIN & FERTS","1541.59335"
"Week 43","2023","INTERMODAL"," 924.63590"
"Week 43","2023","RTMs TOTAL","4831.17832"
"Week 44","2023","FOREST PRODUCTS"," 447.0521"
"Week 44","2023","PETRO&CHEMICALS"," 894.5990"
"Week 44","2023","METALS&MINERALS"," 535.5120"
"Week 44","2023","AUTOMOTIVE","  65.6916"
"Week 44","2023","COAL"," 466.1869"
"Week 44","2023","GRAIN & FERTS","1507.2265"
"Week 44","2023","INTERMODAL"," 760.9747"
"Week 44","2023","RTMs TOTAL","4677.2428"
"Week 45","2023","FOREST PRODUCTS","0"
"Week 45","2023","PETRO&CHEMICALS","0"
"Week 45","2023","METALS&MINERALS","0"
"Week 45","2023","AUTOMOTIVE","0"
"Week 45","2023","COAL","0"
"Week 45","2023","GRAIN & FERTS","0"
"Week 45","2023","INTERMODAL","0"
"Week 45","2023","RTMs TOTAL","0"
"Week 46","2023","FOREST PRODUCTS","0"
"Week 46","2023","PETRO&CHEMICALS","0"
"Week 46","2023","METALS&MINERALS","0"
"Week 46","2023","AUTOMOTIVE","0"
"Week 46","2023","COAL","0"
"Week 46","2023","GRAIN & FERTS","0"
"Week 46","2023","INTERMODAL","0"
"Week 46","2023","RTMs TOTAL","0"
"Week 47","2023","FOREST PRODUCTS","0"
"Week 47","2023","PETRO&CHEMICALS","0"
"Week 47","2023","METALS&MINERALS","0"
"Week 47","2023","AUTOMOTIVE","0"
"Week 47","2023","COAL","0"
"Week 47","2023","GRAIN & FERTS","0"
"Week 47","2023","INTERMODAL","0"
"Week 47","2023","RTMs TOTAL","0"
"Week 48","2023","FOREST PRODUCTS","0"
"Week 48","2023","PETRO&CHEMICALS","0"
"Week 48","2023","METALS&MINERALS","0"
"Week 48","2023","AUTOMOTIVE","0"
"Week 48","2023","COAL","0"
"Week 48","2023","GRAIN & FERTS","0"
"Week 48","2023","INTERMODAL","0"
"Week 48","2023","RTMs TOTAL","0"
"Week 49","2023","FOREST PRODUCTS","0"
"Week 49","2023","PETRO&CHEMICALS","0"
"Week 49","2023","METALS&MINERALS","0"
"Week 49","2023","AUTOMOTIVE","0"
"Week 49","2023","COAL","0"
"Week 49","2023","GRAIN & FERTS","0"
"Week 49","2023","INTERMODAL","0"
"Week 49","2023","RTMs TOTAL","0"
"Week 50","2023","FOREST PRODUCTS","0"
"Week 50","2023","PETRO&CHEMICALS","0"
"Week 50","2023","METALS&MINERALS","0"
"Week 50","2023","AUTOMOTIVE","0"
"Week 50","2023","COAL","0"
"Week 50","2023","GRAIN & FERTS","0"
"Week 50","2023","INTERMODAL","0"
"Week 50","2023","RTMs TOTAL","0"
"Week 51","2023","FOREST PRODUCTS","0"
"Week 51","2023","PETRO&CHEMICALS","0"
"Week 51","2023","METALS&MINERALS","0"
"Week 51","2023","AUTOMOTIVE","0"
"Week 51","2023","COAL","0"
"Week 51","2023","GRAIN & FERTS","0"
"Week 51","2023","INTERMODAL","0"
"Week 51","2023","RTMs TOTAL","0"
"Week 52","2023","FOREST PRODUCTS","0"
"Week 52","2023","PETRO&CHEMICALS","0"
"Week 52","2023","METALS&MINERALS","0"
"Week 52","2023","AUTOMOTIVE","0"
"Week 52","2023","COAL","0"
"Week 52","2023","GRAIN & FERTS","0"
"Week 52","2023","INTERMODAL","0"
"Week 52","2023","RTMs TOTAL","0"
